forecast_case_id,event_case_id,storm_id,reference_event,reference_time,reference_latitude,reference_longitude,nominal_lead_hours,target_init_time,actual_lead_hours,cycle_offset_hours,init_time,forecast_hours,forecast_end_time
2022024S09090-CE01-L024,2022024S09090-CE01,2022024S09090,coastal_approach,2022-02-01T15:00:00Z,-17.3,59.6,24,2022-01-31T15:00:00Z,24.0,0.0,2022-01-31T15:00:00Z,24,2022-02-01T15:00:00Z
2022024S09090-CE01-L048,2022024S09090-CE01,2022024S09090,coastal_approach,2022-02-01T15:00:00Z,-17.3,59.6,48,2022-01-30T15:00:00Z,48.0,0.0,2022-01-30T15:00:00Z,48,2022-02-01T15:00:00Z
2022024S09090-CE01-L072,2022024S09090-CE01,2022024S09090,coastal_approach,2022-02-01T15:00:00Z,-17.3,59.6,72,2022-01-29T15:00:00Z,72.0,0.0,2022-01-29T15:00:00Z,72,2022-02-01T15:00:00Z
2022024S09090-CE01-L096,2022024S09090-CE01,2022024S09090,coastal_approach,2022-02-01T15:00:00Z,-17.3,59.6,96,2022-01-28T15:00:00Z,96.0,0.0,2022-01-28T15:00:00Z,96,2022-02-01T15:00:00Z
2022024S09090-CE01-L120,2022024S09090-CE01,2022024S09090,coastal_approach,2022-02-01T15:00:00Z,-17.3,59.6,120,2022-01-27T15:00:00Z,120.0,0.0,2022-01-27T15:00:00Z,120,2022-02-01T15:00:00Z
2022024S09090-CE02-L024,2022024S09090-CE02,2022024S09090,landfall,2022-02-05T17:01:48.141186Z,-20.967828484176778,48.461732767098006,24,2022-02-04T17:01:48.141186Z,24.030039218333332,-0.030039218333333336,2022-02-04T17:00:00Z,30,2022-02-05T23:00:00Z
2022024S09090-CE02-L048,2022024S09090-CE02,2022024S09090,landfall,2022-02-05T17:01:48.141186Z,-20.967828484176778,48.461732767098006,48,2022-02-03T17:01:48.141186Z,48.03003921833333,-0.030039218333333336,2022-02-03T17:00:00Z,54,2022-02-05T23:00:00Z
2022024S09090-CE02-L072,2022024S09090-CE02,2022024S09090,landfall,2022-02-05T17:01:48.141186Z,-20.967828484176778,48.461732767098006,72,2022-02-02T17:01:48.141186Z,72.03003921833333,-0.030039218333333336,2022-02-02T17:00:00Z,78,2022-02-05T23:00:00Z
2022024S09090-CE02-L096,2022024S09090-CE02,2022024S09090,landfall,2022-02-05T17:01:48.141186Z,-20.967828484176778,48.461732767098006,96,2022-02-01T17:01:48.141186Z,96.03003921833334,-0.030039218333333336,2022-02-01T17:00:00Z,102,2022-02-05T23:00:00Z
2022024S09090-CE02-L120,2022024S09090-CE02,2022024S09090,landfall,2022-02-05T17:01:48.141186Z,-20.967828484176778,48.461732767098006,120,2022-01-31T17:01:48.141186Z,120.03003921833334,-0.030039218333333336,2022-01-31T17:00:00Z,126,2022-02-05T23:00:00Z
2022038S19164-CE01-L024,2022038S19164-CE01,2022038S19164,landfall,2022-02-10T08:35:52.804986Z,-22.54649132193556,167.46716621064786,24,2022-02-09T08:35:52.804986Z,23.598001385,0.40199861499999995,2022-02-09T09:00:00Z,24,2022-02-10T09:00:00Z
2022038S19164-CE01-L048,2022038S19164-CE01,2022038S19164,landfall,2022-02-10T08:35:52.804986Z,-22.54649132193556,167.46716621064786,48,2022-02-08T08:35:52.804986Z,47.598001385,0.40199861499999995,2022-02-08T09:00:00Z,48,2022-02-10T09:00:00Z
2022038S19164-CE01-L072,2022038S19164-CE01,2022038S19164,landfall,2022-02-10T08:35:52.804986Z,-22.54649132193556,167.46716621064786,72,2022-02-07T08:35:52.804986Z,71.598001385,0.40199861499999995,2022-02-07T09:00:00Z,72,2022-02-10T09:00:00Z
2022038S19164-CE01-L096,2022038S19164-CE01,2022038S19164,landfall,2022-02-10T08:35:52.804986Z,-22.54649132193556,167.46716621064786,96,2022-02-06T08:35:52.804986Z,95.598001385,0.40199861499999995,2022-02-06T09:00:00Z,96,2022-02-10T09:00:00Z
2022038S19164-CE01-L120,2022038S19164-CE01,2022038S19164,landfall,2022-02-10T08:35:52.804986Z,-22.54649132193556,167.46716621064786,120,2022-02-05T08:35:52.804986Z,119.598001385,0.40199861499999995,2022-02-05T09:00:00Z,120,2022-02-10T09:00:00Z
2022037S10103-CE02-L024,2022037S10103-CE02,2022037S10103,landfall,2022-02-22T23:27:57.265179Z,-22.511100074799412,47.88927733193185,24,2022-02-21T23:27:57.265179Z,24.465906994166666,-0.46590699416666664,2022-02-21T23:00:00Z,30,2022-02-23T05:00:00Z
2022037S10103-CE02-L048,2022037S10103-CE02,2022037S10103,landfall,2022-02-22T23:27:57.265179Z,-22.511100074799412,47.88927733193185,48,2022-02-20T23:27:57.265179Z,48.465906994166666,-0.46590699416666664,2022-02-20T23:00:00Z,54,2022-02-23T05:00:00Z
2022037S10103-CE02-L072,2022037S10103-CE02,2022037S10103,landfall,2022-02-22T23:27:57.265179Z,-22.511100074799412,47.88927733193185,72,2022-02-19T23:27:57.265179Z,72.46590699416667,-0.46590699416666664,2022-02-19T23:00:00Z,78,2022-02-23T05:00:00Z
2022037S10103-CE02-L096,2022037S10103-CE02,2022037S10103,landfall,2022-02-22T23:27:57.265179Z,-22.511100074799412,47.88927733193185,96,2022-02-18T23:27:57.265179Z,96.46590699416666,-0.46590699416666664,2022-02-18T23:00:00Z,102,2022-02-23T05:00:00Z
2022037S10103-CE02-L120,2022037S10103-CE02,2022037S10103,landfall,2022-02-22T23:27:57.265179Z,-22.511100074799412,47.88927733193185,120,2022-02-17T23:27:57.265179Z,120.46590699416666,-0.46590699416666664,2022-02-17T23:00:00Z,126,2022-02-23T05:00:00Z
2022065S16055-CE02-L024,2022065S16055-CE02,2022065S16055,landfall,2022-03-11T00:06:26.567941Z,-15.396423780923852,40.59283804497135,24,2022-03-10T00:06:26.567941Z,24.10737998361111,-0.10737998361111112,2022-03-10T00:00:00Z,30,2022-03-11T06:00:00Z
2022065S16055-CE02-L048,2022065S16055-CE02,2022065S16055,landfall,2022-03-11T00:06:26.567941Z,-15.396423780923852,40.59283804497135,48,2022-03-09T00:06:26.567941Z,48.10737998361111,-0.10737998361111112,2022-03-09T00:00:00Z,54,2022-03-11T06:00:00Z
2022065S16055-CE02-L072,2022065S16055-CE02,2022065S16055,landfall,2022-03-11T00:06:26.567941Z,-15.396423780923852,40.59283804497135,72,2022-03-08T00:06:26.567941Z,72.10737998361111,-0.10737998361111112,2022-03-08T00:00:00Z,78,2022-03-11T06:00:00Z
2022065S16055-CE02-L096,2022065S16055-CE02,2022065S16055,landfall,2022-03-11T00:06:26.567941Z,-15.396423780923852,40.59283804497135,96,2022-03-07T00:06:26.567941Z,96.10737998361111,-0.10737998361111112,2022-03-07T00:00:00Z,102,2022-03-11T06:00:00Z
2022065S16055-CE02-L120,2022065S16055-CE02,2022065S16055,landfall,2022-03-11T00:06:26.567941Z,-15.396423780923852,40.59283804497135,120,2022-03-06T00:06:26.567941Z,120.10737998361111,-0.10737998361111112,2022-03-06T00:00:00Z,126,2022-03-11T06:00:00Z
2022096N03150-CE01-L024,2022096N03150-CE01,2022096N03150,coastal_approach,2022-04-15T06:00:00Z,27.899999999999995,141.8,24,2022-04-14T06:00:00Z,24.0,0.0,2022-04-14T06:00:00Z,24,2022-04-15T06:00:00Z
2022096N03150-CE01-L048,2022096N03150-CE01,2022096N03150,coastal_approach,2022-04-15T06:00:00Z,27.899999999999995,141.8,48,2022-04-13T06:00:00Z,48.0,0.0,2022-04-13T06:00:00Z,48,2022-04-15T06:00:00Z
2022096N03150-CE01-L072,2022096N03150-CE01,2022096N03150,coastal_approach,2022-04-15T06:00:00Z,27.899999999999995,141.8,72,2022-04-12T06:00:00Z,72.0,0.0,2022-04-12T06:00:00Z,72,2022-04-15T06:00:00Z
2022096N03150-CE01-L096,2022096N03150-CE01,2022096N03150,coastal_approach,2022-04-15T06:00:00Z,27.899999999999995,141.8,96,2022-04-11T06:00:00Z,96.0,0.0,2022-04-11T06:00:00Z,96,2022-04-15T06:00:00Z
2022096N03150-CE01-L120,2022096N03150-CE01,2022096N03150,coastal_approach,2022-04-15T06:00:00Z,27.899999999999995,141.8,120,2022-04-10T06:00:00Z,120.0,0.0,2022-04-10T06:00:00Z,120,2022-04-15T06:00:00Z
2022126N07095-CE01-L024,2022126N07095-CE01,2022126N07095,landfall,2022-05-11T14:11:14.554541Z,16.0271059709392,81.1541552134867,24,2022-05-10T14:11:14.554541Z,24.18737626138889,-0.18737626138888888,2022-05-10T14:00:00Z,30,2022-05-11T20:00:00Z
2022126N07095-CE01-L048,2022126N07095-CE01,2022126N07095,landfall,2022-05-11T14:11:14.554541Z,16.0271059709392,81.1541552134867,48,2022-05-09T14:11:14.554541Z,48.187376261388884,-0.18737626138888888,2022-05-09T14:00:00Z,54,2022-05-11T20:00:00Z
2022126N07095-CE01-L072,2022126N07095-CE01,2022126N07095,landfall,2022-05-11T14:11:14.554541Z,16.0271059709392,81.1541552134867,72,2022-05-08T14:11:14.554541Z,72.18737626138889,-0.18737626138888888,2022-05-08T14:00:00Z,78,2022-05-11T20:00:00Z
2022126N07095-CE01-L096,2022126N07095-CE01,2022126N07095,landfall,2022-05-11T14:11:14.554541Z,16.0271059709392,81.1541552134867,96,2022-05-07T14:11:14.554541Z,96.18737626138889,-0.18737626138888888,2022-05-07T14:00:00Z,102,2022-05-11T20:00:00Z
2022126N07095-CE01-L120,2022126N07095-CE01,2022126N07095,landfall,2022-05-11T14:11:14.554541Z,16.0271059709392,81.1541552134867,120,2022-05-06T14:11:14.554541Z,120.18737626138889,-0.18737626138888888,2022-05-06T14:00:00Z,126,2022-05-11T20:00:00Z
2022148N13263-CE01-L024,2022148N13263-CE01,2022148N13263,landfall,2022-05-30T20:43:05.651107Z,15.671841413716908,-96.6282134331613,24,2022-05-29T20:43:05.651107Z,23.71823641861111,0.2817635813888889,2022-05-29T21:00:00Z,24,2022-05-30T21:00:00Z
2022148N13263-CE01-L048,2022148N13263-CE01,2022148N13263,landfall,2022-05-30T20:43:05.651107Z,15.671841413716908,-96.6282134331613,48,2022-05-28T20:43:05.651107Z,47.71823641861111,0.2817635813888889,2022-05-28T21:00:00Z,48,2022-05-30T21:00:00Z
2022148N13263-CE01-L072,2022148N13263-CE01,2022148N13263,landfall,2022-05-30T20:43:05.651107Z,15.671841413716908,-96.6282134331613,72,2022-05-27T20:43:05.651107Z,71.71823641861111,0.2817635813888889,2022-05-27T21:00:00Z,72,2022-05-30T21:00:00Z
2022148N13263-CE01-L096,2022148N13263-CE01,2022148N13263,landfall,2022-05-30T20:43:05.651107Z,15.671841413716908,-96.6282134331613,96,2022-05-26T20:43:05.651107Z,95.71823641861111,0.2817635813888889,2022-05-26T21:00:00Z,96,2022-05-30T21:00:00Z
2022148N13263-CE01-L120,2022148N13263-CE01,2022148N13263,landfall,2022-05-30T20:43:05.651107Z,15.671841413716908,-96.6282134331613,120,2022-05-25T20:43:05.651107Z,119.71823641861111,0.2817635813888889,2022-05-25T21:00:00Z,120,2022-05-30T21:00:00Z
2022180N15117-CE01-L024,2022180N15117-CE01,2022180N15117,landfall,2022-07-02T08:26:54.807661Z,21.444874470107656,111.03682399642422,24,2022-07-01T08:26:54.807661Z,24.44855768361111,-0.44855768361111115,2022-07-01T08:00:00Z,30,2022-07-02T14:00:00Z
2022180N15117-CE01-L048,2022180N15117-CE01,2022180N15117,landfall,2022-07-02T08:26:54.807661Z,21.444874470107656,111.03682399642422,48,2022-06-30T08:26:54.807661Z,48.448557683611114,-0.44855768361111115,2022-06-30T08:00:00Z,54,2022-07-02T14:00:00Z
2022180N15117-CE01-L072,2022180N15117-CE01,2022180N15117,landfall,2022-07-02T08:26:54.807661Z,21.444874470107656,111.03682399642422,72,2022-06-29T08:26:54.807661Z,72.44855768361111,-0.44855768361111115,2022-06-29T08:00:00Z,78,2022-07-02T14:00:00Z
2022180N15117-CE01-L096,2022180N15117-CE01,2022180N15117,landfall,2022-07-02T08:26:54.807661Z,21.444874470107656,111.03682399642422,96,2022-06-28T08:26:54.807661Z,96.44855768361111,-0.44855768361111115,2022-06-28T08:00:00Z,102,2022-07-02T14:00:00Z
2022180N15117-CE01-L120,2022180N15117-CE01,2022180N15117,landfall,2022-07-02T08:26:54.807661Z,21.444874470107656,111.03682399642422,120,2022-06-27T08:26:54.807661Z,120.44855768361111,-0.44855768361111115,2022-06-27T08:00:00Z,126,2022-07-02T14:00:00Z
2022197N12260-CE01-L024,2022197N12260-CE01,2022197N12260,coastal_approach,2022-07-19T08:30:00Z,18.566758832129533,-114.61658598120869,24,2022-07-18T08:30:00Z,24.5,-0.5,2022-07-18T08:00:00Z,30,2022-07-19T14:00:00Z
2022197N12260-CE01-L048,2022197N12260-CE01,2022197N12260,coastal_approach,2022-07-19T08:30:00Z,18.566758832129533,-114.61658598120869,48,2022-07-17T08:30:00Z,48.5,-0.5,2022-07-17T08:00:00Z,54,2022-07-19T14:00:00Z
2022197N12260-CE01-L072,2022197N12260-CE01,2022197N12260,coastal_approach,2022-07-19T08:30:00Z,18.566758832129533,-114.61658598120869,72,2022-07-16T08:30:00Z,72.5,-0.5,2022-07-16T08:00:00Z,78,2022-07-19T14:00:00Z
2022197N12260-CE01-L096,2022197N12260-CE01,2022197N12260,coastal_approach,2022-07-19T08:30:00Z,18.566758832129533,-114.61658598120869,96,2022-07-15T08:30:00Z,96.5,-0.5,2022-07-15T08:00:00Z,102,2022-07-19T14:00:00Z
2022197N12260-CE01-L120,2022197N12260-CE01,2022197N12260,coastal_approach,2022-07-19T08:30:00Z,18.566758832129533,-114.61658598120869,120,2022-07-14T08:30:00Z,120.5,-0.5,2022-07-14T08:00:00Z,126,2022-07-19T14:00:00Z
2022232N18131-CE01-L024,2022232N18131-CE01,2022232N18131,landfall,2022-08-23T03:01:45.812067Z,17.50392788461882,122.19413439167596,24,2022-08-22T03:01:45.812067Z,24.029392240833335,-0.029392240833333333,2022-08-22T03:00:00Z,30,2022-08-23T09:00:00Z
2022232N18131-CE01-L048,2022232N18131-CE01,2022232N18131,landfall,2022-08-23T03:01:45.812067Z,17.50392788461882,122.19413439167596,48,2022-08-21T03:01:45.812067Z,48.02939224083333,-0.029392240833333333,2022-08-21T03:00:00Z,54,2022-08-23T09:00:00Z
2022232N18131-CE01-L072,2022232N18131-CE01,2022232N18131,landfall,2022-08-23T03:01:45.812067Z,17.50392788461882,122.19413439167596,72,2022-08-20T03:01:45.812067Z,72.02939224083333,-0.029392240833333333,2022-08-20T03:00:00Z,78,2022-08-23T09:00:00Z
2022232N18131-CE01-L096,2022232N18131-CE01,2022232N18131,landfall,2022-08-23T03:01:45.812067Z,17.50392788461882,122.19413439167596,96,2022-08-19T03:01:45.812067Z,96.02939224083335,-0.029392240833333333,2022-08-19T03:00:00Z,102,2022-08-23T09:00:00Z
2022232N18131-CE01-L120,2022232N18131-CE01,2022232N18131,landfall,2022-08-23T03:01:45.812067Z,17.50392788461882,122.19413439167596,120,2022-08-18T03:01:45.812067Z,120.02939224083335,-0.029392240833333333,2022-08-18T03:00:00Z,126,2022-08-23T09:00:00Z
2022239N22150-CE01-L024,2022239N22150-CE01,2022239N22150,coastal_approach,2022-08-29T09:00:00Z,27.4,142.2,24,2022-08-28T09:00:00Z,24.0,0.0,2022-08-28T09:00:00Z,24,2022-08-29T09:00:00Z
2022239N22150-CE01-L048,2022239N22150-CE01,2022239N22150,coastal_approach,2022-08-29T09:00:00Z,27.4,142.2,48,2022-08-27T09:00:00Z,48.0,0.0,2022-08-27T09:00:00Z,48,2022-08-29T09:00:00Z
2022239N22150-CE01-L072,2022239N22150-CE01,2022239N22150,coastal_approach,2022-08-29T09:00:00Z,27.4,142.2,72,2022-08-26T09:00:00Z,72.0,0.0,2022-08-26T09:00:00Z,72,2022-08-29T09:00:00Z
2022239N22150-CE01-L096,2022239N22150-CE01,2022239N22150,coastal_approach,2022-08-29T09:00:00Z,27.4,142.2,96,2022-08-25T09:00:00Z,96.0,0.0,2022-08-25T09:00:00Z,96,2022-08-29T09:00:00Z
2022239N22150-CE01-L120,2022239N22150-CE01,2022239N22150,coastal_approach,2022-08-29T09:00:00Z,27.4,142.2,120,2022-08-24T09:00:00Z,120.0,0.0,2022-08-24T09:00:00Z,120,2022-08-29T09:00:00Z
2022239N22150-CE02-L024,2022239N22150-CE02,2022239N22150,coastal_approach,2022-08-30T20:40:00Z,26.122441857096607,131.1887537321658,24,2022-08-29T20:40:00Z,23.666666666666668,0.3333333333333333,2022-08-29T21:00:00Z,24,2022-08-30T21:00:00Z
2022239N22150-CE02-L048,2022239N22150-CE02,2022239N22150,coastal_approach,2022-08-30T20:40:00Z,26.122441857096607,131.1887537321658,48,2022-08-28T20:40:00Z,47.666666666666664,0.3333333333333333,2022-08-28T21:00:00Z,48,2022-08-30T21:00:00Z
2022239N22150-CE02-L072,2022239N22150-CE02,2022239N22150,coastal_approach,2022-08-30T20:40:00Z,26.122441857096607,131.1887537321658,72,2022-08-27T20:40:00Z,71.66666666666667,0.3333333333333333,2022-08-27T21:00:00Z,72,2022-08-30T21:00:00Z
2022239N22150-CE02-L096,2022239N22150-CE02,2022239N22150,coastal_approach,2022-08-30T20:40:00Z,26.122441857096607,131.1887537321658,96,2022-08-26T20:40:00Z,95.66666666666667,0.3333333333333333,2022-08-26T21:00:00Z,96,2022-08-30T21:00:00Z
2022239N22150-CE02-L120,2022239N22150-CE02,2022239N22150,coastal_approach,2022-08-30T20:40:00Z,26.122441857096607,131.1887537321658,120,2022-08-25T20:40:00Z,119.66666666666667,0.3333333333333333,2022-08-25T21:00:00Z,120,2022-08-30T21:00:00Z
2022239N22150-CE03-L024,2022239N22150-CE03,2022239N22150,landfall,2022-09-03T14:32:16.566754Z,24.63839707056672,124.71544350269308,24,2022-09-02T14:32:16.566754Z,23.537935209444445,0.46206479055555555,2022-09-02T15:00:00Z,24,2022-09-03T15:00:00Z
2022239N22150-CE03-L048,2022239N22150-CE03,2022239N22150,landfall,2022-09-03T14:32:16.566754Z,24.63839707056672,124.71544350269308,48,2022-09-01T14:32:16.566754Z,47.53793520944444,0.46206479055555555,2022-09-01T15:00:00Z,48,2022-09-03T15:00:00Z
2022239N22150-CE03-L072,2022239N22150-CE03,2022239N22150,landfall,2022-09-03T14:32:16.566754Z,24.63839707056672,124.71544350269308,72,2022-08-31T14:32:16.566754Z,71.53793520944444,0.46206479055555555,2022-08-31T15:00:00Z,72,2022-09-03T15:00:00Z
2022239N22150-CE03-L096,2022239N22150-CE03,2022239N22150,landfall,2022-09-03T14:32:16.566754Z,24.63839707056672,124.71544350269308,96,2022-08-30T14:32:16.566754Z,95.53793520944446,0.46206479055555555,2022-08-30T15:00:00Z,96,2022-09-03T15:00:00Z
2022239N22150-CE03-L120,2022239N22150-CE03,2022239N22150,landfall,2022-09-03T14:32:16.566754Z,24.63839707056672,124.71544350269308,120,2022-08-29T14:32:16.566754Z,119.53793520944446,0.46206479055555555,2022-08-29T15:00:00Z,120,2022-09-03T15:00:00Z
2022248N14259-CE01-L024,2022248N14259-CE01,2022248N14259,landfall,2022-09-08T20:21:07.743671Z,27.14631971953704,-114.28201547133936,24,2022-09-07T20:21:07.743671Z,24.352151019722225,-0.3521510197222222,2022-09-07T20:00:00Z,30,2022-09-09T02:00:00Z
2022248N14259-CE01-L048,2022248N14259-CE01,2022248N14259,landfall,2022-09-08T20:21:07.743671Z,27.14631971953704,-114.28201547133936,48,2022-09-06T20:21:07.743671Z,48.35215101972222,-0.3521510197222222,2022-09-06T20:00:00Z,54,2022-09-09T02:00:00Z
2022248N14259-CE01-L072,2022248N14259-CE01,2022248N14259,landfall,2022-09-08T20:21:07.743671Z,27.14631971953704,-114.28201547133936,72,2022-09-05T20:21:07.743671Z,72.35215101972223,-0.3521510197222222,2022-09-05T20:00:00Z,78,2022-09-09T02:00:00Z
2022248N14259-CE01-L096,2022248N14259-CE01,2022248N14259,landfall,2022-09-08T20:21:07.743671Z,27.14631971953704,-114.28201547133936,96,2022-09-04T20:21:07.743671Z,96.35215101972223,-0.3521510197222222,2022-09-04T20:00:00Z,102,2022-09-09T02:00:00Z
2022248N14259-CE01-L120,2022248N14259-CE01,2022248N14259,landfall,2022-09-08T20:21:07.743671Z,27.14631971953704,-114.28201547133936,120,2022-09-03T20:21:07.743671Z,120.35215101972223,-0.3521510197222222,2022-09-03T20:00:00Z,126,2022-09-09T02:00:00Z
2022247N26147-CE01-L024,2022247N26147-CE01,2022247N26147,landfall,2022-09-12T03:08:14.178193Z,24.41372887628158,124.09543463225128,24,2022-09-11T03:08:14.178193Z,24.137271720277777,-0.1372717202777778,2022-09-11T03:00:00Z,30,2022-09-12T09:00:00Z
2022247N26147-CE01-L048,2022247N26147-CE01,2022247N26147,landfall,2022-09-12T03:08:14.178193Z,24.41372887628158,124.09543463225128,48,2022-09-10T03:08:14.178193Z,48.13727172027778,-0.1372717202777778,2022-09-10T03:00:00Z,54,2022-09-12T09:00:00Z
2022247N26147-CE01-L072,2022247N26147-CE01,2022247N26147,landfall,2022-09-12T03:08:14.178193Z,24.41372887628158,124.09543463225128,72,2022-09-09T03:08:14.178193Z,72.13727172027778,-0.1372717202777778,2022-09-09T03:00:00Z,78,2022-09-12T09:00:00Z
2022247N26147-CE01-L096,2022247N26147-CE01,2022247N26147,landfall,2022-09-12T03:08:14.178193Z,24.41372887628158,124.09543463225128,96,2022-09-08T03:08:14.178193Z,96.13727172027778,-0.1372717202777778,2022-09-08T03:00:00Z,102,2022-09-12T09:00:00Z
2022247N26147-CE01-L120,2022247N26147-CE01,2022247N26147,landfall,2022-09-12T03:08:14.178193Z,24.41372887628158,124.09543463225128,120,2022-09-07T03:08:14.178193Z,120.13727172027778,-0.1372717202777778,2022-09-07T03:00:00Z,126,2022-09-12T09:00:00Z
2022246N18301-CE02-L024,2022246N18301-CE02,2022246N18301,coastal_approach,2022-09-12T06:00:00Z,44.29999999999999,-52.1,24,2022-09-11T06:00:00Z,24.0,0.0,2022-09-11T06:00:00Z,24,2022-09-12T06:00:00Z
2022246N18301-CE02-L048,2022246N18301-CE02,2022246N18301,coastal_approach,2022-09-12T06:00:00Z,44.29999999999999,-52.1,48,2022-09-10T06:00:00Z,48.0,0.0,2022-09-10T06:00:00Z,48,2022-09-12T06:00:00Z
2022246N18301-CE02-L072,2022246N18301-CE02,2022246N18301,coastal_approach,2022-09-12T06:00:00Z,44.29999999999999,-52.1,72,2022-09-09T06:00:00Z,72.0,0.0,2022-09-09T06:00:00Z,72,2022-09-12T06:00:00Z
2022246N18301-CE02-L096,2022246N18301-CE02,2022246N18301,coastal_approach,2022-09-12T06:00:00Z,44.29999999999999,-52.1,96,2022-09-08T06:00:00Z,96.0,0.0,2022-09-08T06:00:00Z,96,2022-09-12T06:00:00Z
2022246N18301-CE02-L120,2022246N18301-CE02,2022246N18301,coastal_approach,2022-09-12T06:00:00Z,44.29999999999999,-52.1,120,2022-09-07T06:00:00Z,120.0,0.0,2022-09-07T06:00:00Z,120,2022-09-12T06:00:00Z
2022254N24143-CE01-L024,2022254N24143-CE01,2022254N24143,landfall,2022-09-18T08:23:51.200672Z,31.179511893685035,130.6,24,2022-09-17T08:23:51.200672Z,24.397555742222224,-0.39755574222222223,2022-09-17T08:00:00Z,30,2022-09-18T14:00:00Z
2022254N24143-CE01-L048,2022254N24143-CE01,2022254N24143,landfall,2022-09-18T08:23:51.200672Z,31.179511893685035,130.6,48,2022-09-16T08:23:51.200672Z,48.397555742222224,-0.39755574222222223,2022-09-16T08:00:00Z,54,2022-09-18T14:00:00Z
2022254N24143-CE01-L072,2022254N24143-CE01,2022254N24143,landfall,2022-09-18T08:23:51.200672Z,31.179511893685035,130.6,72,2022-09-15T08:23:51.200672Z,72.39755574222222,-0.39755574222222223,2022-09-15T08:00:00Z,78,2022-09-18T14:00:00Z
2022254N24143-CE01-L096,2022254N24143-CE01,2022254N24143,landfall,2022-09-18T08:23:51.200672Z,31.179511893685035,130.6,96,2022-09-14T08:23:51.200672Z,96.39755574222222,-0.39755574222222223,2022-09-14T08:00:00Z,102,2022-09-18T14:00:00Z
2022254N24143-CE01-L120,2022254N24143-CE01,2022254N24143,landfall,2022-09-18T08:23:51.200672Z,31.179511893685035,130.6,120,2022-09-13T08:23:51.200672Z,120.39755574222222,-0.39755574222222223,2022-09-13T08:00:00Z,126,2022-09-18T14:00:00Z
2022257N16312-CE01-L024,2022257N16312-CE01,2022257N16312,landfall,2022-09-18T19:08:05.413380Z,17.970238854532326,-67.07019711533643,24,2022-09-17T19:08:05.413380Z,24.134837049999998,-0.13483705,2022-09-17T19:00:00Z,30,2022-09-19T01:00:00Z
2022257N16312-CE01-L048,2022257N16312-CE01,2022257N16312,landfall,2022-09-18T19:08:05.413380Z,17.970238854532326,-67.07019711533643,48,2022-09-16T19:08:05.413380Z,48.13483705,-0.13483705,2022-09-16T19:00:00Z,54,2022-09-19T01:00:00Z
2022257N16312-CE01-L072,2022257N16312-CE01,2022257N16312,landfall,2022-09-18T19:08:05.413380Z,17.970238854532326,-67.07019711533643,72,2022-09-15T19:08:05.413380Z,72.13483705,-0.13483705,2022-09-15T19:00:00Z,78,2022-09-19T01:00:00Z
2022257N16312-CE01-L096,2022257N16312-CE01,2022257N16312,landfall,2022-09-18T19:08:05.413380Z,17.970238854532326,-67.07019711533643,96,2022-09-14T19:08:05.413380Z,96.13483705,-0.13483705,2022-09-14T19:00:00Z,102,2022-09-19T01:00:00Z
2022257N16312-CE01-L120,2022257N16312-CE01,2022257N16312,landfall,2022-09-18T19:08:05.413380Z,17.970238854532326,-67.07019711533643,120,2022-09-13T19:08:05.413380Z,120.13483705,-0.13483705,2022-09-13T19:00:00Z,126,2022-09-19T01:00:00Z
2022257N16312-CE02-L024,2022257N16312-CE02,2022257N16312,landfall,2022-09-19T14:16:13.542325Z,19.02708847987194,-69.12694401213258,24,2022-09-18T14:16:13.542325Z,24.27042842361111,-0.27042842361111114,2022-09-18T14:00:00Z,30,2022-09-19T20:00:00Z
2022257N16312-CE02-L048,2022257N16312-CE02,2022257N16312,landfall,2022-09-19T14:16:13.542325Z,19.02708847987194,-69.12694401213258,48,2022-09-17T14:16:13.542325Z,48.27042842361111,-0.27042842361111114,2022-09-17T14:00:00Z,54,2022-09-19T20:00:00Z
2022257N16312-CE02-L072,2022257N16312-CE02,2022257N16312,landfall,2022-09-19T14:16:13.542325Z,19.02708847987194,-69.12694401213258,72,2022-09-16T14:16:13.542325Z,72.27042842361111,-0.27042842361111114,2022-09-16T14:00:00Z,78,2022-09-19T20:00:00Z
2022257N16312-CE02-L096,2022257N16312-CE02,2022257N16312,landfall,2022-09-19T14:16:13.542325Z,19.02708847987194,-69.12694401213258,96,2022-09-15T14:16:13.542325Z,96.27042842361111,-0.27042842361111114,2022-09-15T14:00:00Z,102,2022-09-19T20:00:00Z
2022257N16312-CE02-L120,2022257N16312-CE02,2022257N16312,landfall,2022-09-19T14:16:13.542325Z,19.02708847987194,-69.12694401213258,120,2022-09-14T14:16:13.542325Z,120.27042842361111,-0.27042842361111114,2022-09-14T14:00:00Z,126,2022-09-19T20:00:00Z
2022257N16312-CE03-L024,2022257N16312-CE03,2022257N16312,coastal_approach,2022-09-23T09:40:00Z,33.52360155294915,-66.09169149337178,24,2022-09-22T09:40:00Z,23.666666666666668,0.3333333333333333,2022-09-22T10:00:00Z,24,2022-09-23T10:00:00Z
2022257N16312-CE03-L048,2022257N16312-CE03,2022257N16312,coastal_approach,2022-09-23T09:40:00Z,33.52360155294915,-66.09169149337178,48,2022-09-21T09:40:00Z,47.666666666666664,0.3333333333333333,2022-09-21T10:00:00Z,48,2022-09-23T10:00:00Z
2022257N16312-CE03-L072,2022257N16312-CE03,2022257N16312,coastal_approach,2022-09-23T09:40:00Z,33.52360155294915,-66.09169149337178,72,2022-09-20T09:40:00Z,71.66666666666667,0.3333333333333333,2022-09-20T10:00:00Z,72,2022-09-23T10:00:00Z
2022257N16312-CE03-L096,2022257N16312-CE03,2022257N16312,coastal_approach,2022-09-23T09:40:00Z,33.52360155294915,-66.09169149337178,96,2022-09-19T09:40:00Z,95.66666666666667,0.3333333333333333,2022-09-19T10:00:00Z,96,2022-09-23T10:00:00Z
2022257N16312-CE03-L120,2022257N16312-CE03,2022257N16312,coastal_approach,2022-09-23T09:40:00Z,33.52360155294915,-66.09169149337178,120,2022-09-18T09:40:00Z,119.66666666666667,0.3333333333333333,2022-09-18T10:00:00Z,120,2022-09-23T10:00:00Z
2022257N16312-CE04-L024,2022257N16312-CE04,2022257N16312,landfall,2022-09-24T07:02:38.502928Z,45.21320925880477,-61.2,24,2022-09-23T07:02:38.502928Z,24.04402859111111,-0.04402859111111111,2022-09-23T07:00:00Z,30,2022-09-24T13:00:00Z
2022257N16312-CE04-L048,2022257N16312-CE04,2022257N16312,landfall,2022-09-24T07:02:38.502928Z,45.21320925880477,-61.2,48,2022-09-22T07:02:38.502928Z,48.044028591111115,-0.04402859111111111,2022-09-22T07:00:00Z,54,2022-09-24T13:00:00Z
2022257N16312-CE04-L072,2022257N16312-CE04,2022257N16312,landfall,2022-09-24T07:02:38.502928Z,45.21320925880477,-61.2,72,2022-09-21T07:02:38.502928Z,72.04402859111111,-0.04402859111111111,2022-09-21T07:00:00Z,78,2022-09-24T13:00:00Z
2022257N16312-CE04-L096,2022257N16312-CE04,2022257N16312,landfall,2022-09-24T07:02:38.502928Z,45.21320925880477,-61.2,96,2022-09-20T07:02:38.502928Z,96.04402859111111,-0.04402859111111111,2022-09-20T07:00:00Z,102,2022-09-24T13:00:00Z
2022257N16312-CE04-L120,2022257N16312-CE04,2022257N16312,landfall,2022-09-24T07:02:38.502928Z,45.21320925880477,-61.2,120,2022-09-19T07:02:38.502928Z,120.04402859111111,-0.04402859111111111,2022-09-19T07:00:00Z,126,2022-09-24T13:00:00Z
2022264N17132-CE01-L024,2022264N17132-CE01,2022264N17132,landfall,2022-09-25T11:38:02.712618Z,15.18788843317617,121.47321277719672,24,2022-09-24T11:38:02.712618Z,23.634086838333335,0.36591316166666665,2022-09-24T12:00:00Z,24,2022-09-25T12:00:00Z
2022264N17132-CE01-L048,2022264N17132-CE01,2022264N17132,landfall,2022-09-25T11:38:02.712618Z,15.18788843317617,121.47321277719672,48,2022-09-23T11:38:02.712618Z,47.63408683833333,0.36591316166666665,2022-09-23T12:00:00Z,48,2022-09-25T12:00:00Z
2022264N17132-CE01-L072,2022264N17132-CE01,2022264N17132,landfall,2022-09-25T11:38:02.712618Z,15.18788843317617,121.47321277719672,72,2022-09-22T11:38:02.712618Z,71.63408683833333,0.36591316166666665,2022-09-22T12:00:00Z,72,2022-09-25T12:00:00Z
2022264N17132-CE01-L096,2022264N17132-CE01,2022264N17132,landfall,2022-09-25T11:38:02.712618Z,15.18788843317617,121.47321277719672,96,2022-09-21T11:38:02.712618Z,95.63408683833333,0.36591316166666665,2022-09-21T12:00:00Z,96,2022-09-25T12:00:00Z
2022264N17132-CE01-L120,2022264N17132-CE01,2022264N17132,landfall,2022-09-25T11:38:02.712618Z,15.18788843317617,121.47321277719672,120,2022-09-20T11:38:02.712618Z,119.63408683833333,0.36591316166666665,2022-09-20T12:00:00Z,120,2022-09-25T12:00:00Z
2022264N17132-CE02-L024,2022264N17132-CE02,2022264N17132,coastal_approach,2022-09-25T18:00:00Z,15.500000000000002,119.9,24,2022-09-24T18:00:00Z,24.0,0.0,2022-09-24T18:00:00Z,24,2022-09-25T18:00:00Z
2022264N17132-CE02-L048,2022264N17132-CE02,2022264N17132,coastal_approach,2022-09-25T18:00:00Z,15.500000000000002,119.9,48,2022-09-23T18:00:00Z,48.0,0.0,2022-09-23T18:00:00Z,48,2022-09-25T18:00:00Z
2022264N17132-CE02-L072,2022264N17132-CE02,2022264N17132,coastal_approach,2022-09-25T18:00:00Z,15.500000000000002,119.9,72,2022-09-22T18:00:00Z,72.0,0.0,2022-09-22T18:00:00Z,72,2022-09-25T18:00:00Z
2022264N17132-CE02-L096,2022264N17132-CE02,2022264N17132,coastal_approach,2022-09-25T18:00:00Z,15.500000000000002,119.9,96,2022-09-21T18:00:00Z,96.0,0.0,2022-09-21T18:00:00Z,96,2022-09-25T18:00:00Z
2022264N17132-CE02-L120,2022264N17132-CE02,2022264N17132,coastal_approach,2022-09-25T18:00:00Z,15.500000000000002,119.9,120,2022-09-20T18:00:00Z,120.0,0.0,2022-09-20T18:00:00Z,120,2022-09-25T18:00:00Z
2022266N12294-CE01-L024,2022266N12294-CE01,2022266N12294,landfall,2022-09-27T08:19:45.669003Z,22.1726989674928,-83.69315619845587,24,2022-09-26T08:19:45.669003Z,24.329352500833334,-0.32935250083333334,2022-09-26T08:00:00Z,30,2022-09-27T14:00:00Z
2022266N12294-CE01-L048,2022266N12294-CE01,2022266N12294,landfall,2022-09-27T08:19:45.669003Z,22.1726989674928,-83.69315619845587,48,2022-09-25T08:19:45.669003Z,48.32935250083333,-0.32935250083333334,2022-09-25T08:00:00Z,54,2022-09-27T14:00:00Z
2022266N12294-CE01-L072,2022266N12294-CE01,2022266N12294,landfall,2022-09-27T08:19:45.669003Z,22.1726989674928,-83.69315619845587,72,2022-09-24T08:19:45.669003Z,72.32935250083332,-0.32935250083333334,2022-09-24T08:00:00Z,78,2022-09-27T14:00:00Z
2022266N12294-CE01-L096,2022266N12294-CE01,2022266N12294,landfall,2022-09-27T08:19:45.669003Z,22.1726989674928,-83.69315619845587,96,2022-09-23T08:19:45.669003Z,96.32935250083334,-0.32935250083333334,2022-09-23T08:00:00Z,102,2022-09-27T14:00:00Z
2022266N12294-CE01-L120,2022266N12294-CE01,2022266N12294,landfall,2022-09-27T08:19:45.669003Z,22.1726989674928,-83.69315619845587,120,2022-09-22T08:19:45.669003Z,120.32935250083334,-0.32935250083333334,2022-09-22T08:00:00Z,126,2022-09-27T14:00:00Z
2022264N17132-CE03-L024,2022264N17132-CE03,2022264N17132,landfall,2022-09-27T20:14:55.194191Z,15.800107968561184,108.42522244706169,24,2022-09-26T20:14:55.194191Z,24.248665053055557,-0.24866505305555556,2022-09-26T20:00:00Z,30,2022-09-28T02:00:00Z
2022264N17132-CE03-L048,2022264N17132-CE03,2022264N17132,landfall,2022-09-27T20:14:55.194191Z,15.800107968561184,108.42522244706169,48,2022-09-25T20:14:55.194191Z,48.248665053055554,-0.24866505305555556,2022-09-25T20:00:00Z,54,2022-09-28T02:00:00Z
2022264N17132-CE03-L072,2022264N17132-CE03,2022264N17132,landfall,2022-09-27T20:14:55.194191Z,15.800107968561184,108.42522244706169,72,2022-09-24T20:14:55.194191Z,72.24866505305555,-0.24866505305555556,2022-09-24T20:00:00Z,78,2022-09-28T02:00:00Z
2022264N17132-CE03-L096,2022264N17132-CE03,2022264N17132,landfall,2022-09-27T20:14:55.194191Z,15.800107968561184,108.42522244706169,96,2022-09-23T20:14:55.194191Z,96.24866505305556,-0.24866505305555556,2022-09-23T20:00:00Z,102,2022-09-28T02:00:00Z
2022264N17132-CE03-L120,2022264N17132-CE03,2022264N17132,landfall,2022-09-27T20:14:55.194191Z,15.800107968561184,108.42522244706169,120,2022-09-22T20:14:55.194191Z,120.24866505305556,-0.24866505305555556,2022-09-22T20:00:00Z,126,2022-09-28T02:00:00Z
2022266N12294-CE02-L024,2022266N12294-CE02,2022266N12294,landfall,2022-09-29T11:46:45.090075Z,28.370569688394763,-80.61477150667038,24,2022-09-28T11:46:45.090075Z,23.7791916875,0.22080831250000002,2022-09-28T12:00:00Z,24,2022-09-29T12:00:00Z
2022266N12294-CE02-L048,2022266N12294-CE02,2022266N12294,landfall,2022-09-29T11:46:45.090075Z,28.370569688394763,-80.61477150667038,48,2022-09-27T11:46:45.090075Z,47.779191687499996,0.22080831250000002,2022-09-27T12:00:00Z,48,2022-09-29T12:00:00Z
2022266N12294-CE02-L072,2022266N12294-CE02,2022266N12294,landfall,2022-09-29T11:46:45.090075Z,28.370569688394763,-80.61477150667038,72,2022-09-26T11:46:45.090075Z,71.7791916875,0.22080831250000002,2022-09-26T12:00:00Z,72,2022-09-29T12:00:00Z
2022266N12294-CE02-L096,2022266N12294-CE02,2022266N12294,landfall,2022-09-29T11:46:45.090075Z,28.370569688394763,-80.61477150667038,96,2022-09-25T11:46:45.090075Z,95.7791916875,0.22080831250000002,2022-09-25T12:00:00Z,96,2022-09-29T12:00:00Z
2022266N12294-CE02-L120,2022266N12294-CE02,2022266N12294,landfall,2022-09-29T11:46:45.090075Z,28.370569688394763,-80.61477150667038,120,2022-09-24T11:46:45.090075Z,119.7791916875,0.22080831250000002,2022-09-24T12:00:00Z,120,2022-09-29T12:00:00Z
2022272N14258-CE01-L024,2022272N14258-CE01,2022272N14258,landfall,2022-10-03T05:22:05.227941Z,21.59469394753364,-106.6211195577918,24,2022-10-02T05:22:05.227941Z,24.368118872500002,-0.3681188725,2022-10-02T05:00:00Z,30,2022-10-03T11:00:00Z
2022272N14258-CE01-L048,2022272N14258-CE01,2022272N14258,landfall,2022-10-03T05:22:05.227941Z,21.59469394753364,-106.6211195577918,48,2022-10-01T05:22:05.227941Z,48.3681188725,-0.3681188725,2022-10-01T05:00:00Z,54,2022-10-03T11:00:00Z
2022272N14258-CE01-L072,2022272N14258-CE01,2022272N14258,landfall,2022-10-03T05:22:05.227941Z,21.59469394753364,-106.6211195577918,72,2022-09-30T05:22:05.227941Z,72.36811887249999,-0.3681188725,2022-09-30T05:00:00Z,78,2022-10-03T11:00:00Z
2022272N14258-CE01-L096,2022272N14258-CE01,2022272N14258,landfall,2022-10-03T05:22:05.227941Z,21.59469394753364,-106.6211195577918,96,2022-09-29T05:22:05.227941Z,96.3681188725,-0.3681188725,2022-09-29T05:00:00Z,102,2022-10-03T11:00:00Z
2022272N14258-CE01-L120,2022272N14258-CE01,2022272N14258,landfall,2022-10-03T05:22:05.227941Z,21.59469394753364,-106.6211195577918,120,2022-09-28T05:22:05.227941Z,120.3681188725,-0.3681188725,2022-09-28T05:00:00Z,126,2022-10-03T11:00:00Z
2022280N11294-CE01-L024,2022280N11294-CE01,2022280N11294,landfall,2022-10-09T06:47:54.174843Z,12.400038255018789,-83.49161166025321,24,2022-10-08T06:47:54.174843Z,23.798381900833334,0.20161809916666668,2022-10-08T07:00:00Z,24,2022-10-09T07:00:00Z
2022280N11294-CE01-L048,2022280N11294-CE01,2022280N11294,landfall,2022-10-09T06:47:54.174843Z,12.400038255018789,-83.49161166025321,48,2022-10-07T06:47:54.174843Z,47.79838190083333,0.20161809916666668,2022-10-07T07:00:00Z,48,2022-10-09T07:00:00Z
2022280N11294-CE01-L072,2022280N11294-CE01,2022280N11294,landfall,2022-10-09T06:47:54.174843Z,12.400038255018789,-83.49161166025321,72,2022-10-06T06:47:54.174843Z,71.79838190083333,0.20161809916666668,2022-10-06T07:00:00Z,72,2022-10-09T07:00:00Z
2022280N11294-CE01-L096,2022280N11294-CE01,2022280N11294,landfall,2022-10-09T06:47:54.174843Z,12.400038255018789,-83.49161166025321,96,2022-10-05T06:47:54.174843Z,95.79838190083333,0.20161809916666668,2022-10-05T07:00:00Z,96,2022-10-09T07:00:00Z
2022280N11294-CE01-L120,2022280N11294-CE01,2022280N11294,landfall,2022-10-09T06:47:54.174843Z,12.400038255018789,-83.49161166025321,120,2022-10-04T06:47:54.174843Z,119.79838190083333,0.20161809916666668,2022-10-04T07:00:00Z,120,2022-10-09T07:00:00Z
2022285N17140-CE01-L024,2022285N17140-CE01,2022285N17140,coastal_approach,2022-10-15T21:30:00Z,19.216761551702536,121.51670877221956,24,2022-10-14T21:30:00Z,24.5,-0.5,2022-10-14T21:00:00Z,30,2022-10-16T03:00:00Z
2022285N17140-CE01-L048,2022285N17140-CE01,2022285N17140,coastal_approach,2022-10-15T21:30:00Z,19.216761551702536,121.51670877221956,48,2022-10-13T21:30:00Z,48.5,-0.5,2022-10-13T21:00:00Z,54,2022-10-16T03:00:00Z
2022285N17140-CE01-L072,2022285N17140-CE01,2022285N17140,coastal_approach,2022-10-15T21:30:00Z,19.216761551702536,121.51670877221956,72,2022-10-12T21:30:00Z,72.5,-0.5,2022-10-12T21:00:00Z,78,2022-10-16T03:00:00Z
2022285N17140-CE01-L096,2022285N17140-CE01,2022285N17140,coastal_approach,2022-10-15T21:30:00Z,19.216761551702536,121.51670877221956,96,2022-10-11T21:30:00Z,96.5,-0.5,2022-10-11T21:00:00Z,102,2022-10-16T03:00:00Z
2022285N17140-CE01-L120,2022285N17140-CE01,2022285N17140,coastal_approach,2022-10-15T21:30:00Z,19.216761551702536,121.51670877221956,120,2022-10-10T21:30:00Z,120.5,-0.5,2022-10-10T21:00:00Z,126,2022-10-16T03:00:00Z
2022285N17140-CE02-L024,2022285N17140-CE02,2022285N17140,coastal_approach,2022-10-18T15:00:00Z,17.400000000000002,112.1,24,2022-10-17T15:00:00Z,24.0,0.0,2022-10-17T15:00:00Z,24,2022-10-18T15:00:00Z
2022285N17140-CE02-L048,2022285N17140-CE02,2022285N17140,coastal_approach,2022-10-18T15:00:00Z,17.400000000000002,112.1,48,2022-10-16T15:00:00Z,48.0,0.0,2022-10-16T15:00:00Z,48,2022-10-18T15:00:00Z
2022285N17140-CE02-L072,2022285N17140-CE02,2022285N17140,coastal_approach,2022-10-18T15:00:00Z,17.400000000000002,112.1,72,2022-10-15T15:00:00Z,72.0,0.0,2022-10-15T15:00:00Z,72,2022-10-18T15:00:00Z
2022285N17140-CE02-L096,2022285N17140-CE02,2022285N17140,coastal_approach,2022-10-18T15:00:00Z,17.400000000000002,112.1,96,2022-10-14T15:00:00Z,96.0,0.0,2022-10-14T15:00:00Z,96,2022-10-18T15:00:00Z
2022285N17140-CE02-L120,2022285N17140-CE02,2022285N17140,coastal_approach,2022-10-18T15:00:00Z,17.400000000000002,112.1,120,2022-10-13T15:00:00Z,120.0,0.0,2022-10-13T15:00:00Z,120,2022-10-18T15:00:00Z
2022293N15259-CE01-L024,2022293N15259-CE01,2022293N15259,landfall,2022-10-23T11:21:56.646017Z,21.909722020977437,-105.59514622085166,24,2022-10-22T11:21:56.646017Z,24.365735004722225,-0.36573500472222226,2022-10-22T11:00:00Z,30,2022-10-23T17:00:00Z
2022293N15259-CE01-L048,2022293N15259-CE01,2022293N15259,landfall,2022-10-23T11:21:56.646017Z,21.909722020977437,-105.59514622085166,48,2022-10-21T11:21:56.646017Z,48.36573500472222,-0.36573500472222226,2022-10-21T11:00:00Z,54,2022-10-23T17:00:00Z
2022293N15259-CE01-L072,2022293N15259-CE01,2022293N15259,landfall,2022-10-23T11:21:56.646017Z,21.909722020977437,-105.59514622085166,72,2022-10-20T11:21:56.646017Z,72.36573500472223,-0.36573500472222226,2022-10-20T11:00:00Z,78,2022-10-23T17:00:00Z
2022293N15259-CE01-L096,2022293N15259-CE01,2022293N15259,landfall,2022-10-23T11:21:56.646017Z,21.909722020977437,-105.59514622085166,96,2022-10-19T11:21:56.646017Z,96.36573500472223,-0.36573500472222226,2022-10-19T11:00:00Z,102,2022-10-23T17:00:00Z
2022293N15259-CE01-L120,2022293N15259-CE01,2022293N15259,landfall,2022-10-23T11:21:56.646017Z,21.909722020977437,-105.59514622085166,120,2022-10-18T11:21:56.646017Z,120.36573500472223,-0.36573500472222226,2022-10-18T11:00:00Z,126,2022-10-23T17:00:00Z
2022304N16287-CE01-L024,2022304N16287-CE01,2022304N16287,landfall,2022-11-02T18:36:22.642462Z,17.320310412981698,-87.80100454311736,24,2022-11-01T18:36:22.642462Z,23.60628957277778,0.3937104272222222,2022-11-01T19:00:00Z,24,2022-11-02T19:00:00Z
2022304N16287-CE01-L048,2022304N16287-CE01,2022304N16287,landfall,2022-11-02T18:36:22.642462Z,17.320310412981698,-87.80100454311736,48,2022-10-31T18:36:22.642462Z,47.606289572777776,0.3937104272222222,2022-10-31T19:00:00Z,48,2022-11-02T19:00:00Z
2022304N16287-CE01-L072,2022304N16287-CE01,2022304N16287,landfall,2022-11-02T18:36:22.642462Z,17.320310412981698,-87.80100454311736,72,2022-10-30T18:36:22.642462Z,71.60628957277777,0.3937104272222222,2022-10-30T19:00:00Z,72,2022-11-02T19:00:00Z
2022304N16287-CE01-L096,2022304N16287-CE01,2022304N16287,landfall,2022-11-02T18:36:22.642462Z,17.320310412981698,-87.80100454311736,96,2022-10-29T18:36:22.642462Z,95.60628957277778,0.3937104272222222,2022-10-29T19:00:00Z,96,2022-11-02T19:00:00Z
2022304N16287-CE01-L120,2022304N16287-CE01,2022304N16287,landfall,2022-11-02T18:36:22.642462Z,17.320310412981698,-87.80100454311736,120,2022-10-28T18:36:22.642462Z,119.60628957277778,0.3937104272222222,2022-10-28T19:00:00Z,120,2022-11-02T19:00:00Z
2022299N11134-CE01-L024,2022299N11134-CE01,2022299N11134,landfall,2022-11-02T21:42:18.007642Z,22.100049503062653,113.52949980620144,24,2022-11-01T21:42:18.007642Z,23.705002122777778,0.2949978772222222,2022-11-01T22:00:00Z,24,2022-11-02T22:00:00Z
2022299N11134-CE01-L048,2022299N11134-CE01,2022299N11134,landfall,2022-11-02T21:42:18.007642Z,22.100049503062653,113.52949980620144,48,2022-10-31T21:42:18.007642Z,47.70500212277778,0.2949978772222222,2022-10-31T22:00:00Z,48,2022-11-02T22:00:00Z
2022299N11134-CE01-L072,2022299N11134-CE01,2022299N11134,landfall,2022-11-02T21:42:18.007642Z,22.100049503062653,113.52949980620144,72,2022-10-30T21:42:18.007642Z,71.70500212277778,0.2949978772222222,2022-10-30T22:00:00Z,72,2022-11-02T22:00:00Z
2022299N11134-CE01-L096,2022299N11134-CE01,2022299N11134,landfall,2022-11-02T21:42:18.007642Z,22.100049503062653,113.52949980620144,96,2022-10-29T21:42:18.007642Z,95.70500212277777,0.2949978772222222,2022-10-29T22:00:00Z,96,2022-11-02T22:00:00Z
2022299N11134-CE01-L120,2022299N11134-CE01,2022299N11134,landfall,2022-11-02T21:42:18.007642Z,22.100049503062653,113.52949980620144,120,2022-10-28T21:42:18.007642Z,119.70500212277777,0.2949978772222222,2022-10-28T22:00:00Z,120,2022-11-02T22:00:00Z
2022311N21293-CE01-L024,2022311N21293-CE01,2022311N21293,landfall,2022-11-09T16:42:12.523458Z,26.500070787701887,-77.0406958051704,24,2022-11-08T16:42:12.523458Z,23.70347873833333,0.2965212616666667,2022-11-08T17:00:00Z,24,2022-11-09T17:00:00Z
2022311N21293-CE01-L048,2022311N21293-CE01,2022311N21293,landfall,2022-11-09T16:42:12.523458Z,26.500070787701887,-77.0406958051704,48,2022-11-07T16:42:12.523458Z,47.70347873833334,0.2965212616666667,2022-11-07T17:00:00Z,48,2022-11-09T17:00:00Z
2022311N21293-CE01-L072,2022311N21293-CE01,2022311N21293,landfall,2022-11-09T16:42:12.523458Z,26.500070787701887,-77.0406958051704,72,2022-11-06T16:42:12.523458Z,71.70347873833333,0.2965212616666667,2022-11-06T17:00:00Z,72,2022-11-09T17:00:00Z
2022311N21293-CE01-L096,2022311N21293-CE01,2022311N21293,landfall,2022-11-09T16:42:12.523458Z,26.500070787701887,-77.0406958051704,96,2022-11-05T16:42:12.523458Z,95.70347873833333,0.2965212616666667,2022-11-05T17:00:00Z,96,2022-11-09T17:00:00Z
2022311N21293-CE01-L120,2022311N21293-CE01,2022311N21293,landfall,2022-11-09T16:42:12.523458Z,26.500070787701887,-77.0406958051704,120,2022-11-04T16:42:12.523458Z,119.70347873833333,0.2965212616666667,2022-11-04T17:00:00Z,120,2022-11-09T17:00:00Z
2023036S12163-CE02-L024,2023036S12163-CE02,2023036S12163,coastal_approach,2023-02-11T10:52:30Z,-29.187930433750044,167.9370232141685,24,2023-02-10T10:52:30Z,23.875,0.125,2023-02-10T11:00:00Z,24,2023-02-11T11:00:00Z
2023036S12163-CE02-L048,2023036S12163-CE02,2023036S12163,coastal_approach,2023-02-11T10:52:30Z,-29.187930433750044,167.9370232141685,48,2023-02-09T10:52:30Z,47.875,0.125,2023-02-09T11:00:00Z,48,2023-02-11T11:00:00Z
2023036S12163-CE02-L072,2023036S12163-CE02,2023036S12163,coastal_approach,2023-02-11T10:52:30Z,-29.187930433750044,167.9370232141685,72,2023-02-08T10:52:30Z,71.875,0.125,2023-02-08T11:00:00Z,72,2023-02-11T11:00:00Z
2023036S12163-CE02-L096,2023036S12163-CE02,2023036S12163,coastal_approach,2023-02-11T10:52:30Z,-29.187930433750044,167.9370232141685,96,2023-02-07T10:52:30Z,95.875,0.125,2023-02-07T11:00:00Z,96,2023-02-11T11:00:00Z
2023036S12163-CE02-L120,2023036S12163-CE02,2023036S12163,coastal_approach,2023-02-11T10:52:30Z,-29.187930433750044,167.9370232141685,120,2023-02-06T10:52:30Z,119.875,0.125,2023-02-06T11:00:00Z,120,2023-02-11T11:00:00Z
2023036S12117-CE02-L024,2023036S12117-CE02,2023036S12117,landfall,2023-02-21T16:12:04.271100Z,-20.98033337200677,48.45995458992495,24,2023-02-20T16:12:04.271100Z,24.201186416666665,-0.20118641666666667,2023-02-20T16:00:00Z,30,2023-02-21T22:00:00Z
2023036S12117-CE02-L048,2023036S12117-CE02,2023036S12117,landfall,2023-02-21T16:12:04.271100Z,-20.98033337200677,48.45995458992495,48,2023-02-19T16:12:04.271100Z,48.20118641666667,-0.20118641666666667,2023-02-19T16:00:00Z,54,2023-02-21T22:00:00Z
2023036S12117-CE02-L072,2023036S12117-CE02,2023036S12117,landfall,2023-02-21T16:12:04.271100Z,-20.98033337200677,48.45995458992495,72,2023-02-18T16:12:04.271100Z,72.20118641666667,-0.20118641666666667,2023-02-18T16:00:00Z,78,2023-02-21T22:00:00Z
2023036S12117-CE02-L096,2023036S12117-CE02,2023036S12117,landfall,2023-02-21T16:12:04.271100Z,-20.98033337200677,48.45995458992495,96,2023-02-17T16:12:04.271100Z,96.20118641666667,-0.20118641666666667,2023-02-17T16:00:00Z,102,2023-02-21T22:00:00Z
2023036S12117-CE02-L120,2023036S12117-CE02,2023036S12117,landfall,2023-02-21T16:12:04.271100Z,-20.98033337200677,48.45995458992495,120,2023-02-16T16:12:04.271100Z,120.20118641666667,-0.20118641666666667,2023-02-16T16:00:00Z,126,2023-02-21T22:00:00Z
2023036S12117-CE03-L024,2023036S12117-CE03,2023036S12117,landfall,2023-02-24T11:36:05.227781Z,-22.400032060698024,35.539854766994694,24,2023-02-23T11:36:05.227781Z,23.601452161388888,0.3985478386111111,2023-02-23T12:00:00Z,24,2023-02-24T12:00:00Z
2023036S12117-CE03-L048,2023036S12117-CE03,2023036S12117,landfall,2023-02-24T11:36:05.227781Z,-22.400032060698024,35.539854766994694,48,2023-02-22T11:36:05.227781Z,47.601452161388885,0.3985478386111111,2023-02-22T12:00:00Z,48,2023-02-24T12:00:00Z
2023036S12117-CE03-L072,2023036S12117-CE03,2023036S12117,landfall,2023-02-24T11:36:05.227781Z,-22.400032060698024,35.539854766994694,72,2023-02-21T11:36:05.227781Z,71.60145216138889,0.3985478386111111,2023-02-21T12:00:00Z,72,2023-02-24T12:00:00Z
2023036S12117-CE03-L096,2023036S12117-CE03,2023036S12117,landfall,2023-02-24T11:36:05.227781Z,-22.400032060698024,35.539854766994694,96,2023-02-20T11:36:05.227781Z,95.60145216138889,0.3985478386111111,2023-02-20T12:00:00Z,96,2023-02-24T12:00:00Z
2023036S12117-CE03-L120,2023036S12117-CE03,2023036S12117,landfall,2023-02-24T11:36:05.227781Z,-22.400032060698024,35.539854766994694,120,2023-02-19T11:36:05.227781Z,119.60145216138889,0.3985478386111111,2023-02-19T12:00:00Z,120,2023-02-24T12:00:00Z
2023055S14184-CE01-L024,2023055S14184-CE01,2023055S14184,landfall,2023-02-28T09:54:35.875633Z,-15.18199647787202,168.2,24,2023-02-27T09:54:35.875633Z,23.90996545361111,0.09003454638888889,2023-02-27T10:00:00Z,24,2023-02-28T10:00:00Z
2023055S14184-CE01-L048,2023055S14184-CE01,2023055S14184,landfall,2023-02-28T09:54:35.875633Z,-15.18199647787202,168.2,48,2023-02-26T09:54:35.875633Z,47.90996545361111,0.09003454638888889,2023-02-26T10:00:00Z,48,2023-02-28T10:00:00Z
2023055S14184-CE01-L072,2023055S14184-CE01,2023055S14184,landfall,2023-02-28T09:54:35.875633Z,-15.18199647787202,168.2,72,2023-02-25T09:54:35.875633Z,71.90996545361111,0.09003454638888889,2023-02-25T10:00:00Z,72,2023-02-28T10:00:00Z
2023055S14184-CE01-L096,2023055S14184-CE01,2023055S14184,landfall,2023-02-28T09:54:35.875633Z,-15.18199647787202,168.2,96,2023-02-24T09:54:35.875633Z,95.90996545361111,0.09003454638888889,2023-02-24T10:00:00Z,96,2023-02-28T10:00:00Z
2023055S14184-CE01-L120,2023055S14184-CE01,2023055S14184,landfall,2023-02-28T09:54:35.875633Z,-15.18199647787202,168.2,120,2023-02-23T09:54:35.875633Z,119.90996545361111,0.09003454638888889,2023-02-23T10:00:00Z,120,2023-02-28T10:00:00Z
2023059S15149-CE01-L024,2023059S15149-CE01,2023059S15149,landfall,2023-03-03T13:26:30.178040Z,-18.840530545611863,168.98789976326276,24,2023-03-02T13:26:30.178040Z,24.44171612222222,-0.44171612222222223,2023-03-02T13:00:00Z,30,2023-03-03T19:00:00Z
2023059S15149-CE01-L048,2023059S15149-CE01,2023059S15149,landfall,2023-03-03T13:26:30.178040Z,-18.840530545611863,168.98789976326276,48,2023-03-01T13:26:30.178040Z,48.441716122222225,-0.44171612222222223,2023-03-01T13:00:00Z,54,2023-03-03T19:00:00Z
2023059S15149-CE01-L072,2023059S15149-CE01,2023059S15149,landfall,2023-03-03T13:26:30.178040Z,-18.840530545611863,168.98789976326276,72,2023-02-28T13:26:30.178040Z,72.44171612222222,-0.44171612222222223,2023-02-28T13:00:00Z,78,2023-03-03T19:00:00Z
2023059S15149-CE01-L096,2023059S15149-CE01,2023059S15149,landfall,2023-03-03T13:26:30.178040Z,-18.840530545611863,168.98789976326276,96,2023-02-27T13:26:30.178040Z,96.44171612222223,-0.44171612222222223,2023-02-27T13:00:00Z,102,2023-03-03T19:00:00Z
2023059S15149-CE01-L120,2023059S15149-CE01,2023059S15149,landfall,2023-03-03T13:26:30.178040Z,-18.840530545611863,168.98789976326276,120,2023-02-26T13:26:30.178040Z,120.44171612222223,-0.44171612222222223,2023-02-26T13:00:00Z,126,2023-03-03T19:00:00Z
2023036S12117-CE05-L024,2023036S12117-CE05,2023036S12117,coastal_approach,2023-03-08T02:24:00Z,-21.96004477261772,40.75989896364822,24,2023-03-07T02:24:00Z,24.4,-0.4,2023-03-07T02:00:00Z,30,2023-03-08T08:00:00Z
2023036S12117-CE05-L048,2023036S12117-CE05,2023036S12117,coastal_approach,2023-03-08T02:24:00Z,-21.96004477261772,40.75989896364822,48,2023-03-06T02:24:00Z,48.4,-0.4,2023-03-06T02:00:00Z,54,2023-03-08T08:00:00Z
2023036S12117-CE05-L072,2023036S12117-CE05,2023036S12117,coastal_approach,2023-03-08T02:24:00Z,-21.96004477261772,40.75989896364822,72,2023-03-05T02:24:00Z,72.4,-0.4,2023-03-05T02:00:00Z,78,2023-03-08T08:00:00Z
2023036S12117-CE05-L096,2023036S12117-CE05,2023036S12117,coastal_approach,2023-03-08T02:24:00Z,-21.96004477261772,40.75989896364822,96,2023-03-04T02:24:00Z,96.4,-0.4,2023-03-04T02:00:00Z,102,2023-03-08T08:00:00Z
2023036S12117-CE05-L120,2023036S12117-CE05,2023036S12117,coastal_approach,2023-03-08T02:24:00Z,-21.96004477261772,40.75989896364822,120,2023-03-03T02:24:00Z,120.4,-0.4,2023-03-03T02:00:00Z,126,2023-03-08T08:00:00Z
2023036S12117-CE06-L024,2023036S12117-CE06,2023036S12117,landfall,2023-03-11T18:17:15.627884Z,-17.780830718028394,37.18080247284273,24,2023-03-10T18:17:15.627884Z,24.287674412222223,-0.28767441222222223,2023-03-10T18:00:00Z,30,2023-03-12T00:00:00Z
2023036S12117-CE06-L048,2023036S12117-CE06,2023036S12117,landfall,2023-03-11T18:17:15.627884Z,-17.780830718028394,37.18080247284273,48,2023-03-09T18:17:15.627884Z,48.287674412222216,-0.28767441222222223,2023-03-09T18:00:00Z,54,2023-03-12T00:00:00Z
2023036S12117-CE06-L072,2023036S12117-CE06,2023036S12117,landfall,2023-03-11T18:17:15.627884Z,-17.780830718028394,37.18080247284273,72,2023-03-08T18:17:15.627884Z,72.28767441222222,-0.28767441222222223,2023-03-08T18:00:00Z,78,2023-03-12T00:00:00Z
2023036S12117-CE06-L096,2023036S12117-CE06,2023036S12117,landfall,2023-03-11T18:17:15.627884Z,-17.780830718028394,37.18080247284273,96,2023-03-07T18:17:15.627884Z,96.28767441222223,-0.28767441222222223,2023-03-07T18:00:00Z,102,2023-03-12T00:00:00Z
2023036S12117-CE06-L120,2023036S12117-CE06,2023036S12117,landfall,2023-03-11T18:17:15.627884Z,-17.780830718028394,37.18080247284273,120,2023-03-06T18:17:15.627884Z,120.28767441222223,-0.28767441222222223,2023-03-06T18:00:00Z,126,2023-03-12T00:00:00Z
2023096S07135-CE01-L024,2023096S07135-CE01,2023096S07135,landfall,2023-04-13T15:53:46.197017Z,-20.079236007683807,119.58960481110884,24,2023-04-12T15:53:46.197017Z,23.896165838055555,0.10383416194444443,2023-04-12T16:00:00Z,24,2023-04-13T16:00:00Z
2023096S07135-CE01-L048,2023096S07135-CE01,2023096S07135,landfall,2023-04-13T15:53:46.197017Z,-20.079236007683807,119.58960481110884,48,2023-04-11T15:53:46.197017Z,47.89616583805555,0.10383416194444443,2023-04-11T16:00:00Z,48,2023-04-13T16:00:00Z
2023096S07135-CE01-L072,2023096S07135-CE01,2023096S07135,landfall,2023-04-13T15:53:46.197017Z,-20.079236007683807,119.58960481110884,72,2023-04-10T15:53:46.197017Z,71.89616583805555,0.10383416194444443,2023-04-10T16:00:00Z,72,2023-04-13T16:00:00Z
2023096S07135-CE01-L096,2023096S07135-CE01,2023096S07135,landfall,2023-04-13T15:53:46.197017Z,-20.079236007683807,119.58960481110884,96,2023-04-09T15:53:46.197017Z,95.89616583805555,0.10383416194444443,2023-04-09T16:00:00Z,96,2023-04-13T16:00:00Z
2023096S07135-CE01-L120,2023096S07135-CE01,2023096S07135,landfall,2023-04-13T15:53:46.197017Z,-20.079236007683807,119.58960481110884,120,2023-04-08T15:53:46.197017Z,119.89616583805555,0.10383416194444443,2023-04-08T16:00:00Z,120,2023-04-13T16:00:00Z
2023129N08091-CE01-L024,2023129N08091-CE01,2023129N08091,landfall,2023-05-14T07:45:05.342700Z,20.19197959909421,92.77491616522607,24,2023-05-13T07:45:05.342700Z,23.75148408333333,0.24851591666666667,2023-05-13T08:00:00Z,24,2023-05-14T08:00:00Z
2023129N08091-CE01-L048,2023129N08091-CE01,2023129N08091,landfall,2023-05-14T07:45:05.342700Z,20.19197959909421,92.77491616522607,48,2023-05-12T07:45:05.342700Z,47.75148408333334,0.24851591666666667,2023-05-12T08:00:00Z,48,2023-05-14T08:00:00Z
2023129N08091-CE01-L072,2023129N08091-CE01,2023129N08091,landfall,2023-05-14T07:45:05.342700Z,20.19197959909421,92.77491616522607,72,2023-05-11T07:45:05.342700Z,71.75148408333334,0.24851591666666667,2023-05-11T08:00:00Z,72,2023-05-14T08:00:00Z
2023129N08091-CE01-L096,2023129N08091-CE01,2023129N08091,landfall,2023-05-14T07:45:05.342700Z,20.19197959909421,92.77491616522607,96,2023-05-10T07:45:05.342700Z,95.75148408333332,0.24851591666666667,2023-05-10T08:00:00Z,96,2023-05-14T08:00:00Z
2023129N08091-CE01-L120,2023129N08091-CE01,2023129N08091,landfall,2023-05-14T07:45:05.342700Z,20.19197959909421,92.77491616522607,120,2023-05-09T07:45:05.342700Z,119.75148408333332,0.24851591666666667,2023-05-09T08:00:00Z,120,2023-05-14T08:00:00Z
2023138N05151-CE03-L024,2023138N05151-CE03,2023138N05151,coastal_approach,2023-05-24T09:45:00Z,13.725034267285071,144.92502386200894,24,2023-05-23T09:45:00Z,23.75,0.25,2023-05-23T10:00:00Z,24,2023-05-24T10:00:00Z
2023138N05151-CE03-L048,2023138N05151-CE03,2023138N05151,coastal_approach,2023-05-24T09:45:00Z,13.725034267285071,144.92502386200894,48,2023-05-22T09:45:00Z,47.75,0.25,2023-05-22T10:00:00Z,48,2023-05-24T10:00:00Z
2023138N05151-CE03-L072,2023138N05151-CE03,2023138N05151,coastal_approach,2023-05-24T09:45:00Z,13.725034267285071,144.92502386200894,72,2023-05-21T09:45:00Z,71.75,0.25,2023-05-21T10:00:00Z,72,2023-05-24T10:00:00Z
2023138N05151-CE03-L096,2023138N05151-CE03,2023138N05151,coastal_approach,2023-05-24T09:45:00Z,13.725034267285071,144.92502386200894,96,2023-05-20T09:45:00Z,95.75,0.25,2023-05-20T10:00:00Z,96,2023-05-24T10:00:00Z
2023138N05151-CE03-L120,2023138N05151-CE03,2023138N05151,coastal_approach,2023-05-24T09:45:00Z,13.725034267285071,144.92502386200894,120,2023-05-19T09:45:00Z,119.75,0.25,2023-05-19T10:00:00Z,120,2023-05-24T10:00:00Z
2023138N05151-CE06-L024,2023138N05151-CE06,2023138N05151,landfall,2023-06-01T15:43:25.660619Z,26.420795770331534,127.72023638991584,24,2023-05-31T15:43:25.660619Z,23.72379461638889,0.27620538361111113,2023-05-31T16:00:00Z,24,2023-06-01T16:00:00Z
2023138N05151-CE06-L048,2023138N05151-CE06,2023138N05151,landfall,2023-06-01T15:43:25.660619Z,26.420795770331534,127.72023638991584,48,2023-05-30T15:43:25.660619Z,47.723794616388886,0.27620538361111113,2023-05-30T16:00:00Z,48,2023-06-01T16:00:00Z
2023138N05151-CE06-L072,2023138N05151-CE06,2023138N05151,landfall,2023-06-01T15:43:25.660619Z,26.420795770331534,127.72023638991584,72,2023-05-29T15:43:25.660619Z,71.72379461638889,0.27620538361111113,2023-05-29T16:00:00Z,72,2023-06-01T16:00:00Z
2023138N05151-CE06-L096,2023138N05151-CE06,2023138N05151,landfall,2023-06-01T15:43:25.660619Z,26.420795770331534,127.72023638991584,96,2023-05-28T15:43:25.660619Z,95.72379461638889,0.27620538361111113,2023-05-28T16:00:00Z,96,2023-06-01T16:00:00Z
2023138N05151-CE06-L120,2023138N05151-CE06,2023138N05151,landfall,2023-06-01T15:43:25.660619Z,26.420795770331534,127.72023638991584,120,2023-05-27T15:43:25.660619Z,119.72379461638889,0.27620538361111113,2023-05-27T16:00:00Z,120,2023-06-01T16:00:00Z
2023156N12135-CE01-L024,2023156N12135-CE01,2023156N12135,coastal_approach,2023-06-11T04:00:00Z,23.800185408211853,132.1661549207511,24,2023-06-10T04:00:00Z,24.0,0.0,2023-06-10T04:00:00Z,24,2023-06-11T04:00:00Z
2023156N12135-CE01-L048,2023156N12135-CE01,2023156N12135,coastal_approach,2023-06-11T04:00:00Z,23.800185408211853,132.1661549207511,48,2023-06-09T04:00:00Z,48.0,0.0,2023-06-09T04:00:00Z,48,2023-06-11T04:00:00Z
2023156N12135-CE01-L072,2023156N12135-CE01,2023156N12135,coastal_approach,2023-06-11T04:00:00Z,23.800185408211853,132.1661549207511,72,2023-06-08T04:00:00Z,72.0,0.0,2023-06-08T04:00:00Z,72,2023-06-11T04:00:00Z
2023156N12135-CE01-L096,2023156N12135-CE01,2023156N12135,coastal_approach,2023-06-11T04:00:00Z,23.800185408211853,132.1661549207511,96,2023-06-07T04:00:00Z,96.0,0.0,2023-06-07T04:00:00Z,96,2023-06-11T04:00:00Z
2023156N12135-CE01-L120,2023156N12135-CE01,2023156N12135,coastal_approach,2023-06-11T04:00:00Z,23.800185408211853,132.1661549207511,120,2023-06-06T04:00:00Z,120.0,0.0,2023-06-06T04:00:00Z,120,2023-06-11T04:00:00Z
2023180N13264-CE01-L024,2023180N13264-CE01,2023180N13264,landfall,2023-07-01T05:30:57.408755Z,19.135519446909328,-104.5353298791894,24,2023-06-30T05:30:57.408755Z,23.515946876388888,0.48405312361111114,2023-06-30T06:00:00Z,24,2023-07-01T06:00:00Z
2023180N13264-CE01-L048,2023180N13264-CE01,2023180N13264,landfall,2023-07-01T05:30:57.408755Z,19.135519446909328,-104.5353298791894,48,2023-06-29T05:30:57.408755Z,47.515946876388895,0.48405312361111114,2023-06-29T06:00:00Z,48,2023-07-01T06:00:00Z
2023180N13264-CE01-L072,2023180N13264-CE01,2023180N13264,landfall,2023-07-01T05:30:57.408755Z,19.135519446909328,-104.5353298791894,72,2023-06-28T05:30:57.408755Z,71.5159468763889,0.48405312361111114,2023-06-28T06:00:00Z,72,2023-07-01T06:00:00Z
2023180N13264-CE01-L096,2023180N13264-CE01,2023180N13264,landfall,2023-07-01T05:30:57.408755Z,19.135519446909328,-104.5353298791894,96,2023-06-27T05:30:57.408755Z,95.51594687638888,0.48405312361111114,2023-06-27T06:00:00Z,96,2023-07-01T06:00:00Z
2023180N13264-CE01-L120,2023180N13264-CE01,2023180N13264,landfall,2023-07-01T05:30:57.408755Z,19.135519446909328,-104.5353298791894,120,2023-06-26T05:30:57.408755Z,119.51594687638888,0.48405312361111114,2023-06-26T06:00:00Z,120,2023-07-01T06:00:00Z
2023179N15256-CE01-L024,2023179N15256-CE01,2023179N15256,coastal_approach,2023-07-01T17:15:00Z,18.450020139068773,-114.64995667145854,24,2023-06-30T17:15:00Z,24.25,-0.25,2023-06-30T17:00:00Z,30,2023-07-01T23:00:00Z
2023179N15256-CE01-L048,2023179N15256-CE01,2023179N15256,coastal_approach,2023-07-01T17:15:00Z,18.450020139068773,-114.64995667145854,48,2023-06-29T17:15:00Z,48.25,-0.25,2023-06-29T17:00:00Z,54,2023-07-01T23:00:00Z
2023179N15256-CE01-L072,2023179N15256-CE01,2023179N15256,coastal_approach,2023-07-01T17:15:00Z,18.450020139068773,-114.64995667145854,72,2023-06-28T17:15:00Z,72.25,-0.25,2023-06-28T17:00:00Z,78,2023-07-01T23:00:00Z
2023179N15256-CE01-L096,2023179N15256-CE01,2023179N15256,coastal_approach,2023-07-01T17:15:00Z,18.450020139068773,-114.64995667145854,96,2023-06-27T17:15:00Z,96.25,-0.25,2023-06-27T17:00:00Z,102,2023-07-01T23:00:00Z
2023179N15256-CE01-L120,2023179N15256-CE01,2023179N15256,coastal_approach,2023-07-01T17:15:00Z,18.450020139068773,-114.64995667145854,120,2023-06-26T17:15:00Z,120.25,-0.25,2023-06-26T17:00:00Z,126,2023-07-01T23:00:00Z
2023194N16123-CE01-L024,2023194N16123-CE01,2023194N16123,landfall,2023-07-17T13:58:44.226362Z,21.2002391962397,110.50420954373018,24,2023-07-16T13:58:44.226362Z,23.978951767222224,0.02104823277777778,2023-07-16T14:00:00Z,24,2023-07-17T14:00:00Z
2023194N16123-CE01-L048,2023194N16123-CE01,2023194N16123,landfall,2023-07-17T13:58:44.226362Z,21.2002391962397,110.50420954373018,48,2023-07-15T13:58:44.226362Z,47.97895176722222,0.02104823277777778,2023-07-15T14:00:00Z,48,2023-07-17T14:00:00Z
2023194N16123-CE01-L072,2023194N16123-CE01,2023194N16123,landfall,2023-07-17T13:58:44.226362Z,21.2002391962397,110.50420954373018,72,2023-07-14T13:58:44.226362Z,71.97895176722221,0.02104823277777778,2023-07-14T14:00:00Z,72,2023-07-17T14:00:00Z
2023194N16123-CE01-L096,2023194N16123-CE01,2023194N16123,landfall,2023-07-17T13:58:44.226362Z,21.2002391962397,110.50420954373018,96,2023-07-13T13:58:44.226362Z,95.97895176722221,0.02104823277777778,2023-07-13T14:00:00Z,96,2023-07-17T14:00:00Z
2023194N16123-CE01-L120,2023194N16123-CE01,2023194N16123,landfall,2023-07-17T13:58:44.226362Z,21.2002391962397,110.50420954373018,120,2023-07-12T13:58:44.226362Z,119.97895176722221,0.02104823277777778,2023-07-12T14:00:00Z,120,2023-07-17T14:00:00Z
2023201N13134-CE02-L024,2023201N13134-CE02,2023201N13134,landfall,2023-07-25T15:55:23.591147Z,19.00014393427472,121.94613009457116,24,2023-07-24T15:55:23.591147Z,23.923219763055556,0.07678023694444445,2023-07-24T16:00:00Z,24,2023-07-25T16:00:00Z
2023201N13134-CE02-L048,2023201N13134-CE02,2023201N13134,landfall,2023-07-25T15:55:23.591147Z,19.00014393427472,121.94613009457116,48,2023-07-23T15:55:23.591147Z,47.923219763055556,0.07678023694444445,2023-07-23T16:00:00Z,48,2023-07-25T16:00:00Z
2023201N13134-CE02-L072,2023201N13134-CE02,2023201N13134,landfall,2023-07-25T15:55:23.591147Z,19.00014393427472,121.94613009457116,72,2023-07-22T15:55:23.591147Z,71.92321976305556,0.07678023694444445,2023-07-22T16:00:00Z,72,2023-07-25T16:00:00Z
2023201N13134-CE02-L096,2023201N13134-CE02,2023201N13134,landfall,2023-07-25T15:55:23.591147Z,19.00014393427472,121.94613009457116,96,2023-07-21T15:55:23.591147Z,95.92321976305557,0.07678023694444445,2023-07-21T16:00:00Z,96,2023-07-25T16:00:00Z
2023201N13134-CE02-L120,2023201N13134-CE02,2023201N13134,landfall,2023-07-25T15:55:23.591147Z,19.00014393427472,121.94613009457116,120,2023-07-20T15:55:23.591147Z,119.92321976305557,0.07678023694444445,2023-07-20T16:00:00Z,120,2023-07-25T16:00:00Z
2023207N09141-CE01-L024,2023207N09141-CE01,2023207N09141,landfall,2023-08-09T13:05:38.750852Z,32.58236341112029,128.7636588495597,24,2023-08-08T13:05:38.750852Z,24.09409745888889,-0.09409745888888889,2023-08-08T13:00:00Z,30,2023-08-09T19:00:00Z
2023207N09141-CE01-L048,2023207N09141-CE01,2023207N09141,landfall,2023-08-09T13:05:38.750852Z,32.58236341112029,128.7636588495597,48,2023-08-07T13:05:38.750852Z,48.09409745888889,-0.09409745888888889,2023-08-07T13:00:00Z,54,2023-08-09T19:00:00Z
2023207N09141-CE01-L072,2023207N09141-CE01,2023207N09141,landfall,2023-08-09T13:05:38.750852Z,32.58236341112029,128.7636588495597,72,2023-08-06T13:05:38.750852Z,72.09409745888888,-0.09409745888888889,2023-08-06T13:00:00Z,78,2023-08-09T19:00:00Z
2023207N09141-CE01-L096,2023207N09141-CE01,2023207N09141,landfall,2023-08-09T13:05:38.750852Z,32.58236341112029,128.7636588495597,96,2023-08-05T13:05:38.750852Z,96.0940974588889,-0.09409745888888889,2023-08-05T13:00:00Z,102,2023-08-09T19:00:00Z
2023207N09141-CE01-L120,2023207N09141-CE01,2023207N09141,landfall,2023-08-09T13:05:38.750852Z,32.58236341112029,128.7636588495597,120,2023-08-04T13:05:38.750852Z,120.0940974588889,-0.09409745888888889,2023-08-04T13:00:00Z,126,2023-08-09T19:00:00Z
2023218N25145-CE01-L024,2023218N25145-CE01,2023218N25145,landfall,2023-08-14T19:44:52.834246Z,33.51224092037296,135.82536076087203,24,2023-08-13T19:44:52.834246Z,23.748009512777777,0.2519904872222222,2023-08-13T20:00:00Z,24,2023-08-14T20:00:00Z
2023218N25145-CE01-L048,2023218N25145-CE01,2023218N25145,landfall,2023-08-14T19:44:52.834246Z,33.51224092037296,135.82536076087203,48,2023-08-12T19:44:52.834246Z,47.748009512777784,0.2519904872222222,2023-08-12T20:00:00Z,48,2023-08-14T20:00:00Z
2023218N25145-CE01-L072,2023218N25145-CE01,2023218N25145,landfall,2023-08-14T19:44:52.834246Z,33.51224092037296,135.82536076087203,72,2023-08-11T19:44:52.834246Z,71.74800951277778,0.2519904872222222,2023-08-11T20:00:00Z,72,2023-08-14T20:00:00Z
2023218N25145-CE01-L096,2023218N25145-CE01,2023218N25145,landfall,2023-08-14T19:44:52.834246Z,33.51224092037296,135.82536076087203,96,2023-08-10T19:44:52.834246Z,95.74800951277777,0.2519904872222222,2023-08-10T20:00:00Z,96,2023-08-14T20:00:00Z
2023218N25145-CE01-L120,2023218N25145-CE01,2023218N25145,landfall,2023-08-14T19:44:52.834246Z,33.51224092037296,135.82536076087203,120,2023-08-09T19:44:52.834246Z,119.74800951277777,0.2519904872222222,2023-08-09T20:00:00Z,120,2023-08-14T20:00:00Z
2023228N12259-CE01-L024,2023228N12259-CE01,2023228N12259,landfall,2023-08-20T12:00:58.637144Z,28.10434453404239,-115.30107779194702,24,2023-08-19T12:00:58.637144Z,24.016288095555552,-0.016288095555555555,2023-08-19T12:00:00Z,30,2023-08-20T18:00:00Z
2023228N12259-CE01-L048,2023228N12259-CE01,2023228N12259,landfall,2023-08-20T12:00:58.637144Z,28.10434453404239,-115.30107779194702,48,2023-08-18T12:00:58.637144Z,48.01628809555556,-0.016288095555555555,2023-08-18T12:00:00Z,54,2023-08-20T18:00:00Z
2023228N12259-CE01-L072,2023228N12259-CE01,2023228N12259,landfall,2023-08-20T12:00:58.637144Z,28.10434453404239,-115.30107779194702,72,2023-08-17T12:00:58.637144Z,72.01628809555555,-0.016288095555555555,2023-08-17T12:00:00Z,78,2023-08-20T18:00:00Z
2023228N12259-CE01-L096,2023228N12259-CE01,2023228N12259,landfall,2023-08-20T12:00:58.637144Z,28.10434453404239,-115.30107779194702,96,2023-08-16T12:00:58.637144Z,96.01628809555555,-0.016288095555555555,2023-08-16T12:00:00Z,102,2023-08-20T18:00:00Z
2023228N12259-CE01-L120,2023228N12259-CE01,2023228N12259,landfall,2023-08-20T12:00:58.637144Z,28.10434453404239,-115.30107779194702,120,2023-08-15T12:00:58.637144Z,120.01628809555555,-0.016288095555555555,2023-08-15T12:00:00Z,126,2023-08-20T18:00:00Z
2023234N18128-CE01-L024,2023234N18128-CE01,2023234N18128,coastal_approach,2023-08-26T21:00:00Z,17.000000000000004,122.9,24,2023-08-25T21:00:00Z,24.0,0.0,2023-08-25T21:00:00Z,24,2023-08-26T21:00:00Z
2023234N18128-CE01-L048,2023234N18128-CE01,2023234N18128,coastal_approach,2023-08-26T21:00:00Z,17.000000000000004,122.9,48,2023-08-24T21:00:00Z,48.0,0.0,2023-08-24T21:00:00Z,48,2023-08-26T21:00:00Z
2023234N18128-CE01-L072,2023234N18128-CE01,2023234N18128,coastal_approach,2023-08-26T21:00:00Z,17.000000000000004,122.9,72,2023-08-23T21:00:00Z,72.0,0.0,2023-08-23T21:00:00Z,72,2023-08-26T21:00:00Z
2023234N18128-CE01-L096,2023234N18128-CE01,2023234N18128,coastal_approach,2023-08-26T21:00:00Z,17.000000000000004,122.9,96,2023-08-22T21:00:00Z,96.0,0.0,2023-08-22T21:00:00Z,96,2023-08-26T21:00:00Z
2023234N18128-CE01-L120,2023234N18128-CE01,2023234N18128,coastal_approach,2023-08-26T21:00:00Z,17.000000000000004,122.9,120,2023-08-21T21:00:00Z,120.0,0.0,2023-08-21T21:00:00Z,120,2023-08-26T21:00:00Z
2023234N18128-CE02-L024,2023234N18128-CE02,2023234N18128,coastal_approach,2023-08-29T17:00:00Z,19.800100498144097,122.03349960483196,24,2023-08-28T17:00:00Z,24.0,0.0,2023-08-28T17:00:00Z,24,2023-08-29T17:00:00Z
2023234N18128-CE02-L048,2023234N18128-CE02,2023234N18128,coastal_approach,2023-08-29T17:00:00Z,19.800100498144097,122.03349960483196,48,2023-08-27T17:00:00Z,48.0,0.0,2023-08-27T17:00:00Z,48,2023-08-29T17:00:00Z
2023234N18128-CE02-L072,2023234N18128-CE02,2023234N18128,coastal_approach,2023-08-29T17:00:00Z,19.800100498144097,122.03349960483196,72,2023-08-26T17:00:00Z,72.0,0.0,2023-08-26T17:00:00Z,72,2023-08-29T17:00:00Z
2023234N18128-CE02-L096,2023234N18128-CE02,2023234N18128,coastal_approach,2023-08-29T17:00:00Z,19.800100498144097,122.03349960483196,96,2023-08-25T17:00:00Z,96.0,0.0,2023-08-25T17:00:00Z,96,2023-08-29T17:00:00Z
2023234N18128-CE02-L120,2023234N18128-CE02,2023234N18128,coastal_approach,2023-08-29T17:00:00Z,19.800100498144097,122.03349960483196,120,2023-08-24T17:00:00Z,120.0,0.0,2023-08-24T17:00:00Z,120,2023-08-29T17:00:00Z
2023239N21274-CE01-L024,2023239N21274-CE01,2023239N21274,landfall,2023-08-30T11:37:03.456477Z,29.861537016295618,-83.62424916662393,24,2023-08-29T11:37:03.456477Z,23.617626799166665,0.38237320083333337,2023-08-29T12:00:00Z,24,2023-08-30T12:00:00Z
2023239N21274-CE01-L048,2023239N21274-CE01,2023239N21274,landfall,2023-08-30T11:37:03.456477Z,29.861537016295618,-83.62424916662393,48,2023-08-28T11:37:03.456477Z,47.617626799166665,0.38237320083333337,2023-08-28T12:00:00Z,48,2023-08-30T12:00:00Z
2023239N21274-CE01-L072,2023239N21274-CE01,2023239N21274,landfall,2023-08-30T11:37:03.456477Z,29.861537016295618,-83.62424916662393,72,2023-08-27T11:37:03.456477Z,71.61762679916667,0.38237320083333337,2023-08-27T12:00:00Z,72,2023-08-30T12:00:00Z
2023239N21274-CE01-L096,2023239N21274-CE01,2023239N21274,landfall,2023-08-30T11:37:03.456477Z,29.861537016295618,-83.62424916662393,96,2023-08-26T11:37:03.456477Z,95.61762679916667,0.38237320083333337,2023-08-26T12:00:00Z,96,2023-08-30T12:00:00Z
2023239N21274-CE01-L120,2023239N21274-CE01,2023239N21274,landfall,2023-08-30T11:37:03.456477Z,29.861537016295618,-83.62424916662393,120,2023-08-25T11:37:03.456477Z,119.61762679916667,0.38237320083333337,2023-08-25T12:00:00Z,120,2023-08-30T12:00:00Z
2023234N18128-CE03-L024,2023234N18128-CE03,2023234N18128,landfall,2023-09-01T13:25:07.619309Z,22.00002968147096,114.21624337395444,24,2023-08-31T13:25:07.619309Z,24.41878314138889,-0.4187831413888889,2023-08-31T13:00:00Z,30,2023-09-01T19:00:00Z
2023234N18128-CE03-L048,2023234N18128-CE03,2023234N18128,landfall,2023-09-01T13:25:07.619309Z,22.00002968147096,114.21624337395444,48,2023-08-30T13:25:07.619309Z,48.418783141388886,-0.4187831413888889,2023-08-30T13:00:00Z,54,2023-09-01T19:00:00Z
2023234N18128-CE03-L072,2023234N18128-CE03,2023234N18128,landfall,2023-09-01T13:25:07.619309Z,22.00002968147096,114.21624337395444,72,2023-08-29T13:25:07.619309Z,72.41878314138889,-0.4187831413888889,2023-08-29T13:00:00Z,78,2023-09-01T19:00:00Z
2023234N18128-CE03-L096,2023234N18128-CE03,2023234N18128,landfall,2023-09-01T13:25:07.619309Z,22.00002968147096,114.21624337395444,96,2023-08-28T13:25:07.619309Z,96.41878314138889,-0.4187831413888889,2023-08-28T13:00:00Z,102,2023-09-01T19:00:00Z
2023234N18128-CE03-L120,2023234N18128-CE03,2023234N18128,landfall,2023-09-01T13:25:07.619309Z,22.00002968147096,114.21624337395444,120,2023-08-27T13:25:07.619309Z,120.41878314138889,-0.4187831413888889,2023-08-27T13:00:00Z,126,2023-09-01T19:00:00Z
2023239N18144-CE01-L024,2023239N18144-CE01,2023239N18144,landfall,2023-09-03T07:03:55.644912Z,22.900353046830396,121.25139356024812,24,2023-09-02T07:03:55.644912Z,24.065456920000003,-0.06545692,2023-09-02T07:00:00Z,30,2023-09-03T13:00:00Z
2023239N18144-CE01-L048,2023239N18144-CE01,2023239N18144,landfall,2023-09-03T07:03:55.644912Z,22.900353046830396,121.25139356024812,48,2023-09-01T07:03:55.644912Z,48.065456919999995,-0.06545692,2023-09-01T07:00:00Z,54,2023-09-03T13:00:00Z
2023239N18144-CE01-L072,2023239N18144-CE01,2023239N18144,landfall,2023-09-03T07:03:55.644912Z,22.900353046830396,121.25139356024812,72,2023-08-31T07:03:55.644912Z,72.06545692,-0.06545692,2023-08-31T07:00:00Z,78,2023-09-03T13:00:00Z
2023239N18144-CE01-L096,2023239N18144-CE01,2023239N18144,landfall,2023-09-03T07:03:55.644912Z,22.900353046830396,121.25139356024812,96,2023-08-30T07:03:55.644912Z,96.06545692,-0.06545692,2023-08-30T07:00:00Z,102,2023-09-03T13:00:00Z
2023239N18144-CE01-L120,2023239N18144-CE01,2023239N18144,landfall,2023-09-03T07:03:55.644912Z,22.900353046830396,121.25139356024812,120,2023-08-29T07:03:55.644912Z,120.06545692,-0.06545692,2023-08-29T07:00:00Z,126,2023-09-03T13:00:00Z
2023249N12320-CE01-L024,2023249N12320-CE01,2023249N12320,landfall,2023-09-16T19:54:16.623545Z,44.27615740825629,-66.30480752253558,24,2023-09-15T19:54:16.623545Z,23.904617651388886,0.09538234861111111,2023-09-15T20:00:00Z,24,2023-09-16T20:00:00Z
2023249N12320-CE01-L048,2023249N12320-CE01,2023249N12320,landfall,2023-09-16T19:54:16.623545Z,44.27615740825629,-66.30480752253558,48,2023-09-14T19:54:16.623545Z,47.90461765138889,0.09538234861111111,2023-09-14T20:00:00Z,48,2023-09-16T20:00:00Z
2023249N12320-CE01-L072,2023249N12320-CE01,2023249N12320,landfall,2023-09-16T19:54:16.623545Z,44.27615740825629,-66.30480752253558,72,2023-09-13T19:54:16.623545Z,71.90461765138889,0.09538234861111111,2023-09-13T20:00:00Z,72,2023-09-16T20:00:00Z
2023249N12320-CE01-L096,2023249N12320-CE01,2023249N12320,landfall,2023-09-16T19:54:16.623545Z,44.27615740825629,-66.30480752253558,96,2023-09-12T19:54:16.623545Z,95.90461765138889,0.09538234861111111,2023-09-12T20:00:00Z,96,2023-09-16T20:00:00Z
2023249N12320-CE01-L120,2023249N12320-CE01,2023249N12320,landfall,2023-09-16T19:54:16.623545Z,44.27615740825629,-66.30480752253558,120,2023-09-11T19:54:16.623545Z,119.90461765138889,0.09538234861111111,2023-09-11T20:00:00Z,120,2023-09-16T20:00:00Z
2023271N14144-CE02-L024,2023271N14144-CE02,2023271N14144,landfall,2023-10-04T23:35:42.649778Z,21.98653808239084,120.84050644362948,24,2023-10-03T23:35:42.649778Z,23.59518049388889,0.4048195061111111,2023-10-04T00:00:00Z,24,2023-10-05T00:00:00Z
2023271N14144-CE02-L048,2023271N14144-CE02,2023271N14144,landfall,2023-10-04T23:35:42.649778Z,21.98653808239084,120.84050644362948,48,2023-10-02T23:35:42.649778Z,47.59518049388889,0.4048195061111111,2023-10-03T00:00:00Z,48,2023-10-05T00:00:00Z
2023271N14144-CE02-L072,2023271N14144-CE02,2023271N14144,landfall,2023-10-04T23:35:42.649778Z,21.98653808239084,120.84050644362948,72,2023-10-01T23:35:42.649778Z,71.59518049388889,0.4048195061111111,2023-10-02T00:00:00Z,72,2023-10-05T00:00:00Z
2023271N14144-CE02-L096,2023271N14144-CE02,2023271N14144,landfall,2023-10-04T23:35:42.649778Z,21.98653808239084,120.84050644362948,96,2023-09-30T23:35:42.649778Z,95.59518049388889,0.4048195061111111,2023-10-01T00:00:00Z,96,2023-10-05T00:00:00Z
2023271N14144-CE02-L120,2023271N14144-CE02,2023271N14144,landfall,2023-10-04T23:35:42.649778Z,21.98653808239084,120.84050644362948,120,2023-09-29T23:35:42.649778Z,119.59518049388889,0.4048195061111111,2023-09-30T00:00:00Z,120,2023-10-05T00:00:00Z
2023271N14144-CE03-L024,2023271N14144-CE03,2023271N14144,coastal_approach,2023-10-09T03:45:00Z,21.5750507431736,112.92496145012376,24,2023-10-08T03:45:00Z,23.75,0.25,2023-10-08T04:00:00Z,24,2023-10-09T04:00:00Z
2023271N14144-CE03-L048,2023271N14144-CE03,2023271N14144,coastal_approach,2023-10-09T03:45:00Z,21.5750507431736,112.92496145012376,48,2023-10-07T03:45:00Z,47.75,0.25,2023-10-07T04:00:00Z,48,2023-10-09T04:00:00Z
2023271N14144-CE03-L072,2023271N14144-CE03,2023271N14144,coastal_approach,2023-10-09T03:45:00Z,21.5750507431736,112.92496145012376,72,2023-10-06T03:45:00Z,71.75,0.25,2023-10-06T04:00:00Z,72,2023-10-09T04:00:00Z
2023271N14144-CE03-L096,2023271N14144-CE03,2023271N14144,coastal_approach,2023-10-09T03:45:00Z,21.5750507431736,112.92496145012376,96,2023-10-05T03:45:00Z,95.75,0.25,2023-10-05T04:00:00Z,96,2023-10-09T04:00:00Z
2023271N14144-CE03-L120,2023271N14144-CE03,2023271N14144,coastal_approach,2023-10-09T03:45:00Z,21.5750507431736,112.92496145012376,120,2023-10-04T03:45:00Z,119.75,0.25,2023-10-04T04:00:00Z,120,2023-10-09T04:00:00Z
2023279N08157-CE01-L024,2023279N08157-CE01,2023279N08157,coastal_approach,2023-10-10T09:00:00Z,14.7,145.3,24,2023-10-09T09:00:00Z,24.0,0.0,2023-10-09T09:00:00Z,24,2023-10-10T09:00:00Z
2023279N08157-CE01-L048,2023279N08157-CE01,2023279N08157,coastal_approach,2023-10-10T09:00:00Z,14.7,145.3,48,2023-10-08T09:00:00Z,48.0,0.0,2023-10-08T09:00:00Z,48,2023-10-10T09:00:00Z
2023279N08157-CE01-L072,2023279N08157-CE01,2023279N08157,coastal_approach,2023-10-10T09:00:00Z,14.7,145.3,72,2023-10-07T09:00:00Z,72.0,0.0,2023-10-07T09:00:00Z,72,2023-10-10T09:00:00Z
2023279N08157-CE01-L096,2023279N08157-CE01,2023279N08157,coastal_approach,2023-10-10T09:00:00Z,14.7,145.3,96,2023-10-06T09:00:00Z,96.0,0.0,2023-10-06T09:00:00Z,96,2023-10-10T09:00:00Z
2023279N08157-CE01-L120,2023279N08157-CE01,2023279N08157,coastal_approach,2023-10-10T09:00:00Z,14.7,145.3,120,2023-10-05T09:00:00Z,120.0,0.0,2023-10-05T09:00:00Z,120,2023-10-10T09:00:00Z
2023276N11254-CE02-L024,2023276N11254-CE02,2023276N11254,landfall,2023-10-10T23:50:50.374468Z,20.074642159947917,-105.54083449564916,24,2023-10-09T23:50:50.374468Z,23.84732624111111,0.1526737588888889,2023-10-10T00:00:00Z,24,2023-10-11T00:00:00Z
2023276N11254-CE02-L048,2023276N11254-CE02,2023276N11254,landfall,2023-10-10T23:50:50.374468Z,20.074642159947917,-105.54083449564916,48,2023-10-08T23:50:50.374468Z,47.84732624111111,0.1526737588888889,2023-10-09T00:00:00Z,48,2023-10-11T00:00:00Z
2023276N11254-CE02-L072,2023276N11254-CE02,2023276N11254,landfall,2023-10-10T23:50:50.374468Z,20.074642159947917,-105.54083449564916,72,2023-10-07T23:50:50.374468Z,71.8473262411111,0.1526737588888889,2023-10-08T00:00:00Z,72,2023-10-11T00:00:00Z
2023276N11254-CE02-L096,2023276N11254-CE02,2023276N11254,landfall,2023-10-10T23:50:50.374468Z,20.074642159947917,-105.54083449564916,96,2023-10-06T23:50:50.374468Z,95.84732624111112,0.1526737588888889,2023-10-07T00:00:00Z,96,2023-10-11T00:00:00Z
2023276N11254-CE02-L120,2023276N11254-CE02,2023276N11254,landfall,2023-10-10T23:50:50.374468Z,20.074642159947917,-105.54083449564916,120,2023-10-05T23:50:50.374468Z,119.84732624111112,0.1526737588888889,2023-10-06T00:00:00Z,120,2023-10-11T00:00:00Z
2023290N12256-CE01-L024,2023290N12256-CE01,2023290N12256,landfall,2023-10-21T20:28:24.245886Z,23.02978701683385,-110.1,24,2023-10-20T20:28:24.245886Z,24.473401635000002,-0.473401635,2023-10-20T20:00:00Z,30,2023-10-22T02:00:00Z
2023290N12256-CE01-L048,2023290N12256-CE01,2023290N12256,landfall,2023-10-21T20:28:24.245886Z,23.02978701683385,-110.1,48,2023-10-19T20:28:24.245886Z,48.473401634999995,-0.473401635,2023-10-19T20:00:00Z,54,2023-10-22T02:00:00Z
2023290N12256-CE01-L072,2023290N12256-CE01,2023290N12256,landfall,2023-10-21T20:28:24.245886Z,23.02978701683385,-110.1,72,2023-10-18T20:28:24.245886Z,72.473401635,-0.473401635,2023-10-18T20:00:00Z,78,2023-10-22T02:00:00Z
2023290N12256-CE01-L096,2023290N12256-CE01,2023290N12256,landfall,2023-10-21T20:28:24.245886Z,23.02978701683385,-110.1,96,2023-10-17T20:28:24.245886Z,96.473401635,-0.473401635,2023-10-17T20:00:00Z,102,2023-10-22T02:00:00Z
2023290N12256-CE01-L120,2023290N12256-CE01,2023290N12256,landfall,2023-10-21T20:28:24.245886Z,23.02978701683385,-110.1,120,2023-10-16T20:28:24.245886Z,120.473401635,-0.473401635,2023-10-16T20:00:00Z,126,2023-10-22T02:00:00Z
2023292N13309-CE02-L024,2023292N13309-CE02,2023292N13309,landfall,2023-10-22T00:34:53.870100Z,17.546536851976352,-61.74651679842259,24,2023-10-21T00:34:53.870100Z,23.581630583333332,0.41836941666666666,2023-10-21T01:00:00Z,24,2023-10-22T01:00:00Z
2023292N13309-CE02-L048,2023292N13309-CE02,2023292N13309,landfall,2023-10-22T00:34:53.870100Z,17.546536851976352,-61.74651679842259,48,2023-10-20T00:34:53.870100Z,47.581630583333336,0.41836941666666666,2023-10-20T01:00:00Z,48,2023-10-22T01:00:00Z
2023292N13309-CE02-L072,2023292N13309-CE02,2023292N13309,landfall,2023-10-22T00:34:53.870100Z,17.546536851976352,-61.74651679842259,72,2023-10-19T00:34:53.870100Z,71.58163058333334,0.41836941666666666,2023-10-19T01:00:00Z,72,2023-10-22T01:00:00Z
2023292N13309-CE02-L096,2023292N13309-CE02,2023292N13309,landfall,2023-10-22T00:34:53.870100Z,17.546536851976352,-61.74651679842259,96,2023-10-18T00:34:53.870100Z,95.58163058333334,0.41836941666666666,2023-10-18T01:00:00Z,96,2023-10-22T01:00:00Z
2023292N13309-CE02-L120,2023292N13309-CE02,2023292N13309,landfall,2023-10-22T00:34:53.870100Z,17.546536851976352,-61.74651679842259,120,2023-10-17T00:34:53.870100Z,119.58163058333334,0.41836941666666666,2023-10-17T01:00:00Z,120,2023-10-22T01:00:00Z
2023290N12256-CE02-L024,2023290N12256-CE02,2023290N12256,landfall,2023-10-22T04:47:41.499950Z,24.179519041257464,-109.88045487665264,24,2023-10-21T04:47:41.499950Z,23.79486109722222,0.20513890277777777,2023-10-21T05:00:00Z,24,2023-10-22T05:00:00Z
2023290N12256-CE02-L048,2023290N12256-CE02,2023290N12256,landfall,2023-10-22T04:47:41.499950Z,24.179519041257464,-109.88045487665264,48,2023-10-20T04:47:41.499950Z,47.794861097222224,0.20513890277777777,2023-10-20T05:00:00Z,48,2023-10-22T05:00:00Z
2023290N12256-CE02-L072,2023290N12256-CE02,2023290N12256,landfall,2023-10-22T04:47:41.499950Z,24.179519041257464,-109.88045487665264,72,2023-10-19T04:47:41.499950Z,71.79486109722222,0.20513890277777777,2023-10-19T05:00:00Z,72,2023-10-22T05:00:00Z
2023290N12256-CE02-L096,2023290N12256-CE02,2023290N12256,landfall,2023-10-22T04:47:41.499950Z,24.179519041257464,-109.88045487665264,96,2023-10-18T04:47:41.499950Z,95.79486109722222,0.20513890277777777,2023-10-18T05:00:00Z,96,2023-10-22T05:00:00Z
2023290N12256-CE02-L120,2023290N12256-CE02,2023290N12256,landfall,2023-10-22T04:47:41.499950Z,24.179519041257464,-109.88045487665264,120,2023-10-17T04:47:41.499950Z,119.79486109722222,0.20513890277777777,2023-10-17T05:00:00Z,120,2023-10-22T05:00:00Z
2023292N11063-CE01-L024,2023292N11063-CE01,2023292N11063,coastal_approach,2023-10-22T08:00:00Z,12.900068570029216,54.83343896999459,24,2023-10-21T08:00:00Z,24.0,0.0,2023-10-21T08:00:00Z,24,2023-10-22T08:00:00Z
2023292N11063-CE01-L048,2023292N11063-CE01,2023292N11063,coastal_approach,2023-10-22T08:00:00Z,12.900068570029216,54.83343896999459,48,2023-10-20T08:00:00Z,48.0,0.0,2023-10-20T08:00:00Z,48,2023-10-22T08:00:00Z
2023292N11063-CE01-L072,2023292N11063-CE01,2023292N11063,coastal_approach,2023-10-22T08:00:00Z,12.900068570029216,54.83343896999459,72,2023-10-19T08:00:00Z,72.0,0.0,2023-10-19T08:00:00Z,72,2023-10-22T08:00:00Z
2023292N11063-CE01-L096,2023292N11063-CE01,2023292N11063,coastal_approach,2023-10-22T08:00:00Z,12.900068570029216,54.83343896999459,96,2023-10-18T08:00:00Z,96.0,0.0,2023-10-18T08:00:00Z,96,2023-10-22T08:00:00Z
2023292N11063-CE01-L120,2023292N11063-CE01,2023292N11063,coastal_approach,2023-10-22T08:00:00Z,12.900068570029216,54.83343896999459,120,2023-10-17T08:00:00Z,120.0,0.0,2023-10-17T08:00:00Z,120,2023-10-22T08:00:00Z
2023292N11063-CE02-L024,2023292N11063-CE02,2023292N11063,landfall,2023-10-24T01:00:57.424176Z,15.866217772802305,52.164495727459055,24,2023-10-23T01:00:57.424176Z,24.01595116,-0.015951160000000002,2023-10-23T01:00:00Z,30,2023-10-24T07:00:00Z
2023292N11063-CE02-L048,2023292N11063-CE02,2023292N11063,landfall,2023-10-24T01:00:57.424176Z,15.866217772802305,52.164495727459055,48,2023-10-22T01:00:57.424176Z,48.01595116,-0.015951160000000002,2023-10-22T01:00:00Z,54,2023-10-24T07:00:00Z
2023292N11063-CE02-L072,2023292N11063-CE02,2023292N11063,landfall,2023-10-24T01:00:57.424176Z,15.866217772802305,52.164495727459055,72,2023-10-21T01:00:57.424176Z,72.01595116,-0.015951160000000002,2023-10-21T01:00:00Z,78,2023-10-24T07:00:00Z
2023292N11063-CE02-L096,2023292N11063-CE02,2023292N11063,landfall,2023-10-24T01:00:57.424176Z,15.866217772802305,52.164495727459055,96,2023-10-20T01:00:57.424176Z,96.01595116,-0.015951160000000002,2023-10-20T01:00:00Z,102,2023-10-24T07:00:00Z
2023292N11063-CE02-L120,2023292N11063-CE02,2023292N11063,landfall,2023-10-24T01:00:57.424176Z,15.866217772802305,52.164495727459055,120,2023-10-19T01:00:57.424176Z,120.01595116,-0.015951160000000002,2023-10-19T01:00:00Z,126,2023-10-24T07:00:00Z
2023292S03172-CE01-L024,2023292S03172-CE01,2023292S03172,landfall,2023-10-24T16:00:17.974164Z,-15.867005082823356,168.26652223521435,24,2023-10-23T16:00:17.974164Z,24.004992823333332,-0.004992823333333333,2023-10-23T16:00:00Z,30,2023-10-24T22:00:00Z
2023292S03172-CE01-L048,2023292S03172-CE01,2023292S03172,landfall,2023-10-24T16:00:17.974164Z,-15.867005082823356,168.26652223521435,48,2023-10-22T16:00:17.974164Z,48.00499282333334,-0.004992823333333333,2023-10-22T16:00:00Z,54,2023-10-24T22:00:00Z
2023292S03172-CE01-L072,2023292S03172-CE01,2023292S03172,landfall,2023-10-24T16:00:17.974164Z,-15.867005082823356,168.26652223521435,72,2023-10-21T16:00:17.974164Z,72.00499282333334,-0.004992823333333333,2023-10-21T16:00:00Z,78,2023-10-24T22:00:00Z
2023292S03172-CE01-L096,2023292S03172-CE01,2023292S03172,landfall,2023-10-24T16:00:17.974164Z,-15.867005082823356,168.26652223521435,96,2023-10-20T16:00:17.974164Z,96.00499282333334,-0.004992823333333333,2023-10-20T16:00:00Z,102,2023-10-24T22:00:00Z
2023292S03172-CE01-L120,2023292S03172-CE01,2023292S03172,landfall,2023-10-24T16:00:17.974164Z,-15.867005082823356,168.26652223521435,120,2023-10-19T16:00:17.974164Z,120.00499282333334,-0.004992823333333333,2023-10-19T16:00:00Z,126,2023-10-24T22:00:00Z
2023293N12089-CE01-L024,2023293N12089-CE01,2023293N12089,landfall,2023-10-24T22:29:14.610826Z,21.847436910204244,91.84620583006088,24,2023-10-23T22:29:14.610826Z,24.487391896111113,-0.4873918961111111,2023-10-23T22:00:00Z,30,2023-10-25T04:00:00Z
2023293N12089-CE01-L048,2023293N12089-CE01,2023293N12089,landfall,2023-10-24T22:29:14.610826Z,21.847436910204244,91.84620583006088,48,2023-10-22T22:29:14.610826Z,48.487391896111106,-0.4873918961111111,2023-10-22T22:00:00Z,54,2023-10-25T04:00:00Z
2023293N12089-CE01-L072,2023293N12089-CE01,2023293N12089,landfall,2023-10-24T22:29:14.610826Z,21.847436910204244,91.84620583006088,72,2023-10-21T22:29:14.610826Z,72.4873918961111,-0.4873918961111111,2023-10-21T22:00:00Z,78,2023-10-25T04:00:00Z
2023293N12089-CE01-L096,2023293N12089-CE01,2023293N12089,landfall,2023-10-24T22:29:14.610826Z,21.847436910204244,91.84620583006088,96,2023-10-20T22:29:14.610826Z,96.4873918961111,-0.4873918961111111,2023-10-20T22:00:00Z,102,2023-10-25T04:00:00Z
2023293N12089-CE01-L120,2023293N12089-CE01,2023293N12089,landfall,2023-10-24T22:29:14.610826Z,21.847436910204244,91.84620583006088,120,2023-10-19T22:29:14.610826Z,120.4873918961111,-0.4873918961111111,2023-10-19T22:00:00Z,126,2023-10-25T04:00:00Z
2023294N09264-CE01-L024,2023294N09264-CE01,2023294N09264,landfall,2023-10-25T06:53:27.169554Z,16.825051608363907,-99.91249790754593,24,2023-10-24T06:53:27.169554Z,23.890880431666666,0.10911956833333333,2023-10-24T07:00:00Z,24,2023-10-25T07:00:00Z
2023294N09264-CE01-L048,2023294N09264-CE01,2023294N09264,landfall,2023-10-25T06:53:27.169554Z,16.825051608363907,-99.91249790754593,48,2023-10-23T06:53:27.169554Z,47.890880431666666,0.10911956833333333,2023-10-23T07:00:00Z,48,2023-10-25T07:00:00Z
2023294N09264-CE01-L072,2023294N09264-CE01,2023294N09264,landfall,2023-10-25T06:53:27.169554Z,16.825051608363907,-99.91249790754593,72,2023-10-22T06:53:27.169554Z,71.89088043166666,0.10911956833333333,2023-10-22T07:00:00Z,72,2023-10-25T07:00:00Z
2023294N09264-CE01-L096,2023294N09264-CE01,2023294N09264,landfall,2023-10-25T06:53:27.169554Z,16.825051608363907,-99.91249790754593,96,2023-10-21T06:53:27.169554Z,95.89088043166667,0.10911956833333333,2023-10-21T07:00:00Z,96,2023-10-25T07:00:00Z
2023294N09264-CE01-L120,2023294N09264-CE01,2023294N09264,landfall,2023-10-25T06:53:27.169554Z,16.825051608363907,-99.91249790754593,120,2023-10-20T06:53:27.169554Z,119.89088043166667,0.10911956833333333,2023-10-20T07:00:00Z,120,2023-10-25T07:00:00Z
2023334N08088-CE01-L024,2023334N08088-CE01,2023334N08088,landfall,2023-12-05T04:24:11.877052Z,15.387113940496365,80.14672907843996,24,2023-12-04T04:24:11.877052Z,24.40329918111111,-0.4032991811111111,2023-12-04T04:00:00Z,30,2023-12-05T10:00:00Z
2023334N08088-CE01-L048,2023334N08088-CE01,2023334N08088,landfall,2023-12-05T04:24:11.877052Z,15.387113940496365,80.14672907843996,48,2023-12-03T04:24:11.877052Z,48.40329918111111,-0.4032991811111111,2023-12-03T04:00:00Z,54,2023-12-05T10:00:00Z
2023334N08088-CE01-L072,2023334N08088-CE01,2023334N08088,landfall,2023-12-05T04:24:11.877052Z,15.387113940496365,80.14672907843996,72,2023-12-02T04:24:11.877052Z,72.40329918111111,-0.4032991811111111,2023-12-02T04:00:00Z,78,2023-12-05T10:00:00Z
2023334N08088-CE01-L096,2023334N08088-CE01,2023334N08088,landfall,2023-12-05T04:24:11.877052Z,15.387113940496365,80.14672907843996,96,2023-12-01T04:24:11.877052Z,96.40329918111112,-0.4032991811111111,2023-12-01T04:00:00Z,102,2023-12-05T10:00:00Z
2023334N08088-CE01-L120,2023334N08088-CE01,2023334N08088,landfall,2023-12-05T04:24:11.877052Z,15.387113940496365,80.14672907843996,120,2023-11-30T04:24:11.877052Z,120.40329918111112,-0.4032991811111111,2023-11-30T04:00:00Z,126,2023-12-05T10:00:00Z
2023364S19035-CE01-L024,2023364S19035-CE01,2023364S19035,landfall,2024-01-01T15:55:31.142419Z,-21.36938486314112,43.4851501918688,24,2023-12-31T15:55:31.142419Z,23.92531733861111,0.07468266138888889,2023-12-31T16:00:00Z,24,2024-01-01T16:00:00Z
2023364S19035-CE01-L048,2023364S19035-CE01,2023364S19035,landfall,2024-01-01T15:55:31.142419Z,-21.36938486314112,43.4851501918688,48,2023-12-30T15:55:31.142419Z,47.925317338611116,0.07468266138888889,2023-12-30T16:00:00Z,48,2024-01-01T16:00:00Z
2023364S19035-CE01-L072,2023364S19035-CE01,2023364S19035,landfall,2024-01-01T15:55:31.142419Z,-21.36938486314112,43.4851501918688,72,2023-12-29T15:55:31.142419Z,71.92531733861111,0.07468266138888889,2023-12-29T16:00:00Z,72,2024-01-01T16:00:00Z
2023364S19035-CE01-L096,2023364S19035-CE01,2023364S19035,landfall,2024-01-01T15:55:31.142419Z,-21.36938486314112,43.4851501918688,96,2023-12-28T15:55:31.142419Z,95.92531733861111,0.07468266138888889,2023-12-28T16:00:00Z,96,2024-01-01T16:00:00Z
2023364S19035-CE01-L120,2023364S19035-CE01,2023364S19035,landfall,2024-01-01T15:55:31.142419Z,-21.36938486314112,43.4851501918688,120,2023-12-27T15:55:31.142419Z,119.92531733861111,0.07468266138888889,2023-12-27T16:00:00Z,120,2024-01-01T16:00:00Z
2024012S12059-CE01-L024,2024012S12059-CE01,2024012S12059,coastal_approach,2024-01-13T08:08:34.285714Z,-15.985791507226836,54.61444738072394,24,2024-01-12T08:08:34.285714Z,24.14285714277778,-0.14285714277777778,2024-01-12T08:00:00Z,30,2024-01-13T14:00:00Z
2024012S12059-CE01-L048,2024012S12059-CE01,2024012S12059,coastal_approach,2024-01-13T08:08:34.285714Z,-15.985791507226836,54.61444738072394,48,2024-01-11T08:08:34.285714Z,48.14285714277778,-0.14285714277777778,2024-01-11T08:00:00Z,54,2024-01-13T14:00:00Z
2024012S12059-CE01-L072,2024012S12059-CE01,2024012S12059,coastal_approach,2024-01-13T08:08:34.285714Z,-15.985791507226836,54.61444738072394,72,2024-01-10T08:08:34.285714Z,72.14285714277777,-0.14285714277777778,2024-01-10T08:00:00Z,78,2024-01-13T14:00:00Z
2024012S12059-CE01-L096,2024012S12059-CE01,2024012S12059,coastal_approach,2024-01-13T08:08:34.285714Z,-15.985791507226836,54.61444738072394,96,2024-01-09T08:08:34.285714Z,96.14285714277777,-0.14285714277777778,2024-01-09T08:00:00Z,102,2024-01-13T14:00:00Z
2024012S12059-CE01-L120,2024012S12059-CE01,2024012S12059,coastal_approach,2024-01-13T08:08:34.285714Z,-15.985791507226836,54.61444738072394,120,2024-01-08T08:08:34.285714Z,120.14285714277777,-0.14285714277777778,2024-01-08T08:00:00Z,126,2024-01-13T14:00:00Z
2024012S12059-CE02-L024,2024012S12059-CE02,2024012S12059,landfall,2024-01-15T06:48:57.961967Z,-20.8816632605766,55.58149181499208,24,2024-01-14T06:48:57.961967Z,23.81610054638889,0.18389945361111112,2024-01-14T07:00:00Z,24,2024-01-15T07:00:00Z
2024012S12059-CE02-L048,2024012S12059-CE02,2024012S12059,landfall,2024-01-15T06:48:57.961967Z,-20.8816632605766,55.58149181499208,48,2024-01-13T06:48:57.961967Z,47.81610054638889,0.18389945361111112,2024-01-13T07:00:00Z,48,2024-01-15T07:00:00Z
2024012S12059-CE02-L072,2024012S12059-CE02,2024012S12059,landfall,2024-01-15T06:48:57.961967Z,-20.8816632605766,55.58149181499208,72,2024-01-12T06:48:57.961967Z,71.8161005463889,0.18389945361111112,2024-01-12T07:00:00Z,72,2024-01-15T07:00:00Z
2024012S12059-CE02-L096,2024012S12059-CE02,2024012S12059,landfall,2024-01-15T06:48:57.961967Z,-20.8816632605766,55.58149181499208,96,2024-01-11T06:48:57.961967Z,95.81610054638888,0.18389945361111112,2024-01-11T07:00:00Z,96,2024-01-15T07:00:00Z
2024012S12059-CE02-L120,2024012S12059-CE02,2024012S12059,landfall,2024-01-15T06:48:57.961967Z,-20.8816632605766,55.58149181499208,120,2024-01-10T06:48:57.961967Z,119.81610054638888,0.18389945361111112,2024-01-10T07:00:00Z,120,2024-01-15T07:00:00Z
2024073S14128-CE01-L024,2024073S14128-CE01,2024073S14128,landfall,2024-03-13T17:06:56.305606Z,-11.600032368381056,131.4115640493445,24,2024-03-12T17:06:56.305606Z,24.115640446111108,-0.11564044611111111,2024-03-12T17:00:00Z,30,2024-03-13T23:00:00Z
2024073S14128-CE01-L048,2024073S14128-CE01,2024073S14128,landfall,2024-03-13T17:06:56.305606Z,-11.600032368381056,131.4115640493445,48,2024-03-11T17:06:56.305606Z,48.115640446111115,-0.11564044611111111,2024-03-11T17:00:00Z,54,2024-03-13T23:00:00Z
2024073S14128-CE01-L072,2024073S14128-CE01,2024073S14128,landfall,2024-03-13T17:06:56.305606Z,-11.600032368381056,131.4115640493445,72,2024-03-10T17:06:56.305606Z,72.11564044611112,-0.11564044611111111,2024-03-10T17:00:00Z,78,2024-03-13T23:00:00Z
2024073S14128-CE01-L096,2024073S14128-CE01,2024073S14128,landfall,2024-03-13T17:06:56.305606Z,-11.600032368381056,131.4115640493445,96,2024-03-09T17:06:56.305606Z,96.11564044611112,-0.11564044611111111,2024-03-09T17:00:00Z,102,2024-03-13T23:00:00Z
2024073S14128-CE01-L120,2024073S14128-CE01,2024073S14128,landfall,2024-03-13T17:06:56.305606Z,-11.600032368381056,131.4115640493445,120,2024-03-08T17:06:56.305606Z,120.11564044611112,-0.11564044611111111,2024-03-08T17:00:00Z,126,2024-03-13T23:00:00Z
2024082S08054-CE01-L024,2024082S08054-CE01,2024082S08054,landfall,2024-03-27T02:08:55.653857Z,-12.90001553664722,49.856747149004285,24,2024-03-26T02:08:55.653857Z,24.148792738055555,-0.14879273805555557,2024-03-26T02:00:00Z,30,2024-03-27T08:00:00Z
2024082S08054-CE01-L048,2024082S08054-CE01,2024082S08054,landfall,2024-03-27T02:08:55.653857Z,-12.90001553664722,49.856747149004285,48,2024-03-25T02:08:55.653857Z,48.148792738055555,-0.14879273805555557,2024-03-25T02:00:00Z,54,2024-03-27T08:00:00Z
2024082S08054-CE01-L072,2024082S08054-CE01,2024082S08054,landfall,2024-03-27T02:08:55.653857Z,-12.90001553664722,49.856747149004285,72,2024-03-24T02:08:55.653857Z,72.14879273805556,-0.14879273805555557,2024-03-24T02:00:00Z,78,2024-03-27T08:00:00Z
2024082S08054-CE01-L096,2024082S08054-CE01,2024082S08054,landfall,2024-03-27T02:08:55.653857Z,-12.90001553664722,49.856747149004285,96,2024-03-23T02:08:55.653857Z,96.14879273805556,-0.14879273805555557,2024-03-23T02:00:00Z,102,2024-03-27T08:00:00Z
2024082S08054-CE01-L120,2024082S08054-CE01,2024082S08054,landfall,2024-03-27T02:08:55.653857Z,-12.90001553664722,49.856747149004285,120,2024-03-22T02:08:55.653857Z,120.14879273805556,-0.14879273805555557,2024-03-22T02:00:00Z,126,2024-03-27T08:00:00Z
2024121S07047-CE01-L024,2024121S07047-CE01,2024121S07047,landfall,2024-05-04T06:07:07.354739Z,-7.8000112221759474,39.88021506244596,24,2024-05-03T06:07:07.354739Z,24.118709649722224,-0.11870964972222223,2024-05-03T06:00:00Z,30,2024-05-04T12:00:00Z
2024121S07047-CE01-L048,2024121S07047-CE01,2024121S07047,landfall,2024-05-04T06:07:07.354739Z,-7.8000112221759474,39.88021506244596,48,2024-05-02T06:07:07.354739Z,48.11870964972222,-0.11870964972222223,2024-05-02T06:00:00Z,54,2024-05-04T12:00:00Z
2024121S07047-CE01-L072,2024121S07047-CE01,2024121S07047,landfall,2024-05-04T06:07:07.354739Z,-7.8000112221759474,39.88021506244596,72,2024-05-01T06:07:07.354739Z,72.11870964972222,-0.11870964972222223,2024-05-01T06:00:00Z,78,2024-05-04T12:00:00Z
2024121S07047-CE01-L096,2024121S07047-CE01,2024121S07047,landfall,2024-05-04T06:07:07.354739Z,-7.8000112221759474,39.88021506244596,96,2024-04-30T06:07:07.354739Z,96.11870964972222,-0.11870964972222223,2024-04-30T06:00:00Z,102,2024-05-04T12:00:00Z
2024121S07047-CE01-L120,2024121S07047-CE01,2024121S07047,landfall,2024-05-04T06:07:07.354739Z,-7.8000112221759474,39.88021506244596,120,2024-04-29T06:07:07.354739Z,120.11870964972222,-0.11870964972222223,2024-04-29T06:00:00Z,126,2024-05-04T12:00:00Z
2024141N03142-CE01-L024,2024141N03142-CE01,2024141N03142,landfall,2024-05-26T09:20:33.540587Z,14.634285035226844,121.93422355949563,24,2024-05-25T09:20:33.540587Z,24.342650163055556,-0.34265016305555557,2024-05-25T09:00:00Z,30,2024-05-26T15:00:00Z
2024141N03142-CE01-L048,2024141N03142-CE01,2024141N03142,landfall,2024-05-26T09:20:33.540587Z,14.634285035226844,121.93422355949563,48,2024-05-24T09:20:33.540587Z,48.34265016305555,-0.34265016305555557,2024-05-24T09:00:00Z,54,2024-05-26T15:00:00Z
2024141N03142-CE01-L072,2024141N03142-CE01,2024141N03142,landfall,2024-05-26T09:20:33.540587Z,14.634285035226844,121.93422355949563,72,2024-05-23T09:20:33.540587Z,72.34265016305555,-0.34265016305555557,2024-05-23T09:00:00Z,78,2024-05-26T15:00:00Z
2024141N03142-CE01-L096,2024141N03142-CE01,2024141N03142,landfall,2024-05-26T09:20:33.540587Z,14.634285035226844,121.93422355949563,96,2024-05-22T09:20:33.540587Z,96.34265016305557,-0.34265016305555557,2024-05-22T09:00:00Z,102,2024-05-26T15:00:00Z
2024141N03142-CE01-L120,2024141N03142-CE01,2024141N03142,landfall,2024-05-26T09:20:33.540587Z,14.634285035226844,121.93422355949563,120,2024-05-21T09:20:33.540587Z,120.34265016305557,-0.34265016305555557,2024-05-21T09:00:00Z,126,2024-05-26T15:00:00Z
2024141N03142-CE02-L024,2024141N03142-CE02,2024141N03142,coastal_approach,2024-05-29T01:21:49.090909Z,24.51859251464696,131.1172191912952,24,2024-05-28T01:21:49.090909Z,24.363636363611114,-0.3636363636111111,2024-05-28T01:00:00Z,30,2024-05-29T07:00:00Z
2024141N03142-CE02-L048,2024141N03142-CE02,2024141N03142,coastal_approach,2024-05-29T01:21:49.090909Z,24.51859251464696,131.1172191912952,48,2024-05-27T01:21:49.090909Z,48.36363636361111,-0.3636363636111111,2024-05-27T01:00:00Z,54,2024-05-29T07:00:00Z
2024141N03142-CE02-L072,2024141N03142-CE02,2024141N03142,coastal_approach,2024-05-29T01:21:49.090909Z,24.51859251464696,131.1172191912952,72,2024-05-26T01:21:49.090909Z,72.3636363636111,-0.3636363636111111,2024-05-26T01:00:00Z,78,2024-05-29T07:00:00Z
2024141N03142-CE02-L096,2024141N03142-CE02,2024141N03142,coastal_approach,2024-05-29T01:21:49.090909Z,24.51859251464696,131.1172191912952,96,2024-05-25T01:21:49.090909Z,96.36363636361112,-0.3636363636111111,2024-05-25T01:00:00Z,102,2024-05-29T07:00:00Z
2024141N03142-CE02-L120,2024141N03142-CE02,2024141N03142,coastal_approach,2024-05-29T01:21:49.090909Z,24.51859251464696,131.1172191912952,120,2024-05-24T01:21:49.090909Z,120.36363636361112,-0.3636363636111111,2024-05-24T01:00:00Z,126,2024-05-29T07:00:00Z
2024181N09320-CE01-L024,2024181N09320-CE01,2024181N09320,landfall,2024-07-01T15:04:52.736786Z,12.500003422904314,-61.42439473198407,24,2024-06-30T15:04:52.736786Z,24.08131577388889,-0.08131577388888889,2024-06-30T15:00:00Z,30,2024-07-01T21:00:00Z
2024181N09320-CE01-L048,2024181N09320-CE01,2024181N09320,landfall,2024-07-01T15:04:52.736786Z,12.500003422904314,-61.42439473198407,48,2024-06-29T15:04:52.736786Z,48.08131577388889,-0.08131577388888889,2024-06-29T15:00:00Z,54,2024-07-01T21:00:00Z
2024181N09320-CE01-L072,2024181N09320-CE01,2024181N09320,landfall,2024-07-01T15:04:52.736786Z,12.500003422904314,-61.42439473198407,72,2024-06-28T15:04:52.736786Z,72.08131577388889,-0.08131577388888889,2024-06-28T15:00:00Z,78,2024-07-01T21:00:00Z
2024181N09320-CE01-L096,2024181N09320-CE01,2024181N09320,landfall,2024-07-01T15:04:52.736786Z,12.500003422904314,-61.42439473198407,96,2024-06-27T15:04:52.736786Z,96.08131577388889,-0.08131577388888889,2024-06-27T15:00:00Z,102,2024-07-01T21:00:00Z
2024181N09320-CE01-L120,2024181N09320-CE01,2024181N09320,landfall,2024-07-01T15:04:52.736786Z,12.500003422904314,-61.42439473198407,120,2024-06-26T15:04:52.736786Z,120.08131577388889,-0.08131577388888889,2024-06-26T15:00:00Z,126,2024-07-01T21:00:00Z
2024181N09320-CE02-L024,2024181N09320-CE02,2024181N09320,coastal_approach,2024-07-03T22:12:00Z,17.620390477694784,-77.81968218338588,24,2024-07-02T22:12:00Z,24.2,-0.2,2024-07-02T22:00:00Z,30,2024-07-04T04:00:00Z
2024181N09320-CE02-L048,2024181N09320-CE02,2024181N09320,coastal_approach,2024-07-03T22:12:00Z,17.620390477694784,-77.81968218338588,48,2024-07-01T22:12:00Z,48.2,-0.2,2024-07-01T22:00:00Z,54,2024-07-04T04:00:00Z
2024181N09320-CE02-L072,2024181N09320-CE02,2024181N09320,coastal_approach,2024-07-03T22:12:00Z,17.620390477694784,-77.81968218338588,72,2024-06-30T22:12:00Z,72.2,-0.2,2024-06-30T22:00:00Z,78,2024-07-04T04:00:00Z
2024181N09320-CE02-L096,2024181N09320-CE02,2024181N09320,coastal_approach,2024-07-03T22:12:00Z,17.620390477694784,-77.81968218338588,96,2024-06-29T22:12:00Z,96.2,-0.2,2024-06-29T22:00:00Z,102,2024-07-04T04:00:00Z
2024181N09320-CE02-L120,2024181N09320-CE02,2024181N09320,coastal_approach,2024-07-03T22:12:00Z,17.620390477694784,-77.81968218338588,120,2024-06-28T22:12:00Z,120.2,-0.2,2024-06-28T22:00:00Z,126,2024-07-04T04:00:00Z
2024181N09320-CE03-L024,2024181N09320-CE03,2024181N09320,landfall,2024-07-05T10:54:25.425586Z,20.29073794265159,-87.37673735349262,24,2024-07-04T10:54:25.425586Z,23.907062662777776,0.09293733722222222,2024-07-04T11:00:00Z,24,2024-07-05T11:00:00Z
2024181N09320-CE03-L048,2024181N09320-CE03,2024181N09320,landfall,2024-07-05T10:54:25.425586Z,20.29073794265159,-87.37673735349262,48,2024-07-03T10:54:25.425586Z,47.907062662777776,0.09293733722222222,2024-07-03T11:00:00Z,48,2024-07-05T11:00:00Z
2024181N09320-CE03-L072,2024181N09320-CE03,2024181N09320,landfall,2024-07-05T10:54:25.425586Z,20.29073794265159,-87.37673735349262,72,2024-07-02T10:54:25.425586Z,71.90706266277778,0.09293733722222222,2024-07-02T11:00:00Z,72,2024-07-05T11:00:00Z
2024181N09320-CE03-L096,2024181N09320-CE03,2024181N09320,landfall,2024-07-05T10:54:25.425586Z,20.29073794265159,-87.37673735349262,96,2024-07-01T10:54:25.425586Z,95.90706266277779,0.09293733722222222,2024-07-01T11:00:00Z,96,2024-07-05T11:00:00Z
2024181N09320-CE03-L120,2024181N09320-CE03,2024181N09320,landfall,2024-07-05T10:54:25.425586Z,20.29073794265159,-87.37673735349262,120,2024-06-30T10:54:25.425586Z,119.90706266277779,0.09293733722222222,2024-06-30T11:00:00Z,120,2024-07-05T11:00:00Z
2024181N09320-CE04-L024,2024181N09320-CE04,2024181N09320,landfall,2024-07-08T08:33:56.518446Z,28.58485670582171,-95.99620000320644,24,2024-07-07T08:33:56.518446Z,23.565699568333333,0.43430043166666665,2024-07-07T09:00:00Z,24,2024-07-08T09:00:00Z
2024181N09320-CE04-L048,2024181N09320-CE04,2024181N09320,landfall,2024-07-08T08:33:56.518446Z,28.58485670582171,-95.99620000320644,48,2024-07-06T08:33:56.518446Z,47.565699568333336,0.43430043166666665,2024-07-06T09:00:00Z,48,2024-07-08T09:00:00Z
2024181N09320-CE04-L072,2024181N09320-CE04,2024181N09320,landfall,2024-07-08T08:33:56.518446Z,28.58485670582171,-95.99620000320644,72,2024-07-05T08:33:56.518446Z,71.56569956833333,0.43430043166666665,2024-07-05T09:00:00Z,72,2024-07-08T09:00:00Z
2024181N09320-CE04-L096,2024181N09320-CE04,2024181N09320,landfall,2024-07-08T08:33:56.518446Z,28.58485670582171,-95.99620000320644,96,2024-07-04T08:33:56.518446Z,95.56569956833333,0.43430043166666665,2024-07-04T09:00:00Z,96,2024-07-08T09:00:00Z
2024181N09320-CE04-L120,2024181N09320-CE04,2024181N09320,landfall,2024-07-08T08:33:56.518446Z,28.58485670582171,-95.99620000320644,120,2024-07-03T08:33:56.518446Z,119.56569956833333,0.43430043166666665,2024-07-03T09:00:00Z,120,2024-07-08T09:00:00Z
2024201N12133-CE01-L024,2024201N12133-CE01,2024201N12133,landfall,2024-07-24T15:25:46.221642Z,24.185940399533337,121.65722249879038,24,2024-07-23T15:25:46.221642Z,24.429506011666668,-0.4295060116666667,2024-07-23T15:00:00Z,30,2024-07-24T21:00:00Z
2024201N12133-CE01-L048,2024201N12133-CE01,2024201N12133,landfall,2024-07-24T15:25:46.221642Z,24.185940399533337,121.65722249879038,48,2024-07-22T15:25:46.221642Z,48.42950601166666,-0.4295060116666667,2024-07-22T15:00:00Z,54,2024-07-24T21:00:00Z
2024201N12133-CE01-L072,2024201N12133-CE01,2024201N12133,landfall,2024-07-24T15:25:46.221642Z,24.185940399533337,121.65722249879038,72,2024-07-21T15:25:46.221642Z,72.42950601166666,-0.4295060116666667,2024-07-21T15:00:00Z,78,2024-07-24T21:00:00Z
2024201N12133-CE01-L096,2024201N12133-CE01,2024201N12133,landfall,2024-07-24T15:25:46.221642Z,24.185940399533337,121.65722249879038,96,2024-07-20T15:25:46.221642Z,96.42950601166667,-0.4295060116666667,2024-07-20T15:00:00Z,102,2024-07-24T21:00:00Z
2024201N12133-CE01-L120,2024201N12133-CE01,2024201N12133,landfall,2024-07-24T15:25:46.221642Z,24.185940399533337,121.65722249879038,120,2024-07-19T15:25:46.221642Z,120.42950601166667,-0.4295060116666667,2024-07-19T15:00:00Z,126,2024-07-24T21:00:00Z
2024213N14254-CE01-L024,2024213N14254-CE01,2024213N14254,coastal_approach,2024-08-02T12:51:25.714285Z,18.328764185853103,-114.77135805275634,24,2024-08-01T12:51:25.714285Z,23.857142856944442,0.14285714305555555,2024-08-01T13:00:00Z,24,2024-08-02T13:00:00Z
2024213N14254-CE01-L048,2024213N14254-CE01,2024213N14254,coastal_approach,2024-08-02T12:51:25.714285Z,18.328764185853103,-114.77135805275634,48,2024-07-31T12:51:25.714285Z,47.85714285694444,0.14285714305555555,2024-07-31T13:00:00Z,48,2024-08-02T13:00:00Z
2024213N14254-CE01-L072,2024213N14254-CE01,2024213N14254,coastal_approach,2024-08-02T12:51:25.714285Z,18.328764185853103,-114.77135805275634,72,2024-07-30T12:51:25.714285Z,71.85714285694445,0.14285714305555555,2024-07-30T13:00:00Z,72,2024-08-02T13:00:00Z
2024213N14254-CE01-L096,2024213N14254-CE01,2024213N14254,coastal_approach,2024-08-02T12:51:25.714285Z,18.328764185853103,-114.77135805275634,96,2024-07-29T12:51:25.714285Z,95.85714285694445,0.14285714305555555,2024-07-29T13:00:00Z,96,2024-08-02T13:00:00Z
2024213N14254-CE01-L120,2024213N14254-CE01,2024213N14254,coastal_approach,2024-08-02T12:51:25.714285Z,18.328764185853103,-114.77135805275634,120,2024-07-28T12:51:25.714285Z,119.85714285694445,0.14285714305555555,2024-07-28T13:00:00Z,120,2024-08-02T13:00:00Z
2024216N20284-CE01-L024,2024216N20284-CE01,2024216N20284,landfall,2024-08-03T01:37:46.521027Z,21.06331809662977,-79.27988944193052,24,2024-08-02T01:37:46.521027Z,23.629589174166664,0.37041082583333335,2024-08-02T02:00:00Z,24,2024-08-03T02:00:00Z
2024216N20284-CE01-L048,2024216N20284-CE01,2024216N20284,landfall,2024-08-03T01:37:46.521027Z,21.06331809662977,-79.27988944193052,48,2024-08-01T01:37:46.521027Z,47.62958917416667,0.37041082583333335,2024-08-01T02:00:00Z,48,2024-08-03T02:00:00Z
2024216N20284-CE01-L072,2024216N20284-CE01,2024216N20284,landfall,2024-08-03T01:37:46.521027Z,21.06331809662977,-79.27988944193052,72,2024-07-31T01:37:46.521027Z,71.62958917416667,0.37041082583333335,2024-07-31T02:00:00Z,72,2024-08-03T02:00:00Z
2024216N20284-CE01-L096,2024216N20284-CE01,2024216N20284,landfall,2024-08-03T01:37:46.521027Z,21.06331809662977,-79.27988944193052,96,2024-07-30T01:37:46.521027Z,95.62958917416667,0.37041082583333335,2024-07-30T02:00:00Z,96,2024-08-03T02:00:00Z
2024216N20284-CE01-L120,2024216N20284-CE01,2024216N20284,landfall,2024-08-03T01:37:46.521027Z,21.06331809662977,-79.27988944193052,120,2024-07-29T01:37:46.521027Z,119.62958917416667,0.37041082583333335,2024-07-29T02:00:00Z,120,2024-08-03T02:00:00Z
2024225N14313-CE01-L024,2024225N14313-CE01,2024225N14313,landfall,2024-08-13T09:39:46.555612Z,16.399440348986253,-61.3988790669577,24,2024-08-12T09:39:46.555612Z,23.662932114444445,0.3370678855555555,2024-08-12T10:00:00Z,24,2024-08-13T10:00:00Z
2024225N14313-CE01-L048,2024225N14313-CE01,2024225N14313,landfall,2024-08-13T09:39:46.555612Z,16.399440348986253,-61.3988790669577,48,2024-08-11T09:39:46.555612Z,47.662932114444445,0.3370678855555555,2024-08-11T10:00:00Z,48,2024-08-13T10:00:00Z
2024225N14313-CE01-L072,2024225N14313-CE01,2024225N14313,landfall,2024-08-13T09:39:46.555612Z,16.399440348986253,-61.3988790669577,72,2024-08-10T09:39:46.555612Z,71.66293211444444,0.3370678855555555,2024-08-10T10:00:00Z,72,2024-08-13T10:00:00Z
2024225N14313-CE01-L096,2024225N14313-CE01,2024225N14313,landfall,2024-08-13T09:39:46.555612Z,16.399440348986253,-61.3988790669577,96,2024-08-09T09:39:46.555612Z,95.66293211444444,0.3370678855555555,2024-08-09T10:00:00Z,96,2024-08-13T10:00:00Z
2024225N14313-CE01-L120,2024225N14313-CE01,2024225N14313,landfall,2024-08-13T09:39:46.555612Z,16.399440348986253,-61.3988790669577,120,2024-08-08T09:39:46.555612Z,119.66293211444444,0.3370678855555555,2024-08-08T10:00:00Z,120,2024-08-13T10:00:00Z
2024225N22135-CE01-L024,2024225N22135-CE01,2024225N22135,coastal_approach,2024-08-15T06:30:00Z,30.58334134366778,141.0834048464531,24,2024-08-14T06:30:00Z,24.5,-0.5,2024-08-14T06:00:00Z,30,2024-08-15T12:00:00Z
2024225N22135-CE01-L048,2024225N22135-CE01,2024225N22135,coastal_approach,2024-08-15T06:30:00Z,30.58334134366778,141.0834048464531,48,2024-08-13T06:30:00Z,48.5,-0.5,2024-08-13T06:00:00Z,54,2024-08-15T12:00:00Z
2024225N22135-CE01-L072,2024225N22135-CE01,2024225N22135,coastal_approach,2024-08-15T06:30:00Z,30.58334134366778,141.0834048464531,72,2024-08-12T06:30:00Z,72.5,-0.5,2024-08-12T06:00:00Z,78,2024-08-15T12:00:00Z
2024225N22135-CE01-L096,2024225N22135-CE01,2024225N22135,coastal_approach,2024-08-15T06:30:00Z,30.58334134366778,141.0834048464531,96,2024-08-11T06:30:00Z,96.5,-0.5,2024-08-11T06:00:00Z,102,2024-08-15T12:00:00Z
2024225N22135-CE01-L120,2024225N22135-CE01,2024225N22135,coastal_approach,2024-08-15T06:30:00Z,30.58334134366778,141.0834048464531,120,2024-08-10T06:30:00Z,120.5,-0.5,2024-08-10T06:00:00Z,126,2024-08-15T12:00:00Z
2024225N14313-CE02-L024,2024225N14313-CE02,2024225N14313,landfall,2024-08-17T08:10:54.441435Z,32.24910528391071,-64.82555396621986,24,2024-08-16T08:10:54.441435Z,24.1817892875,-0.18178928749999998,2024-08-16T08:00:00Z,30,2024-08-17T14:00:00Z
2024225N14313-CE02-L048,2024225N14313-CE02,2024225N14313,landfall,2024-08-17T08:10:54.441435Z,32.24910528391071,-64.82555396621986,48,2024-08-15T08:10:54.441435Z,48.181789287499996,-0.18178928749999998,2024-08-15T08:00:00Z,54,2024-08-17T14:00:00Z
2024225N14313-CE02-L072,2024225N14313-CE02,2024225N14313,landfall,2024-08-17T08:10:54.441435Z,32.24910528391071,-64.82555396621986,72,2024-08-14T08:10:54.441435Z,72.1817892875,-0.18178928749999998,2024-08-14T08:00:00Z,78,2024-08-17T14:00:00Z
2024225N14313-CE02-L096,2024225N14313-CE02,2024225N14313,landfall,2024-08-17T08:10:54.441435Z,32.24910528391071,-64.82555396621986,96,2024-08-13T08:10:54.441435Z,96.1817892875,-0.18178928749999998,2024-08-13T08:00:00Z,102,2024-08-17T14:00:00Z
2024225N14313-CE02-L120,2024225N14313-CE02,2024225N14313,landfall,2024-08-17T08:10:54.441435Z,32.24910528391071,-64.82555396621986,120,2024-08-12T08:10:54.441435Z,120.1817892875,-0.18178928749999998,2024-08-12T08:00:00Z,126,2024-08-17T14:00:00Z
2024225N14313-CE03-L024,2024225N14313-CE03,2024225N14313,coastal_approach,2024-08-20T04:20:00Z,46.10391161777617,-52.46319867098837,24,2024-08-19T04:20:00Z,24.333333333333332,-0.3333333333333333,2024-08-19T04:00:00Z,30,2024-08-20T10:00:00Z
2024225N14313-CE03-L048,2024225N14313-CE03,2024225N14313,coastal_approach,2024-08-20T04:20:00Z,46.10391161777617,-52.46319867098837,48,2024-08-18T04:20:00Z,48.333333333333336,-0.3333333333333333,2024-08-18T04:00:00Z,54,2024-08-20T10:00:00Z
2024225N14313-CE03-L072,2024225N14313-CE03,2024225N14313,coastal_approach,2024-08-20T04:20:00Z,46.10391161777617,-52.46319867098837,72,2024-08-17T04:20:00Z,72.33333333333333,-0.3333333333333333,2024-08-17T04:00:00Z,78,2024-08-20T10:00:00Z
2024225N14313-CE03-L096,2024225N14313-CE03,2024225N14313,coastal_approach,2024-08-20T04:20:00Z,46.10391161777617,-52.46319867098837,96,2024-08-16T04:20:00Z,96.33333333333333,-0.3333333333333333,2024-08-16T04:00:00Z,102,2024-08-20T10:00:00Z
2024225N14313-CE03-L120,2024225N14313-CE03,2024225N14313,coastal_approach,2024-08-20T04:20:00Z,46.10391161777617,-52.46319867098837,120,2024-08-15T04:20:00Z,120.33333333333333,-0.3333333333333333,2024-08-15T04:00:00Z,126,2024-08-20T10:00:00Z
2024233N15148-CE02-L024,2024233N15148-CE02,2024233N15148,landfall,2024-08-28T23:25:37.489088Z,31.985416832708022,130.2,24,2024-08-27T23:25:37.489088Z,24.427080302222222,-0.4270803022222222,2024-08-27T23:00:00Z,30,2024-08-29T05:00:00Z
2024233N15148-CE02-L048,2024233N15148-CE02,2024233N15148,landfall,2024-08-28T23:25:37.489088Z,31.985416832708022,130.2,48,2024-08-26T23:25:37.489088Z,48.42708030222222,-0.4270803022222222,2024-08-26T23:00:00Z,54,2024-08-29T05:00:00Z
2024233N15148-CE02-L072,2024233N15148-CE02,2024233N15148,landfall,2024-08-28T23:25:37.489088Z,31.985416832708022,130.2,72,2024-08-25T23:25:37.489088Z,72.42708030222222,-0.4270803022222222,2024-08-25T23:00:00Z,78,2024-08-29T05:00:00Z
2024233N15148-CE02-L096,2024233N15148-CE02,2024233N15148,landfall,2024-08-28T23:25:37.489088Z,31.985416832708022,130.2,96,2024-08-24T23:25:37.489088Z,96.42708030222221,-0.4270803022222222,2024-08-24T23:00:00Z,102,2024-08-29T05:00:00Z
2024233N15148-CE02-L120,2024233N15148-CE02,2024233N15148,landfall,2024-08-28T23:25:37.489088Z,31.985416832708022,130.2,120,2024-08-23T23:25:37.489088Z,120.42708030222221,-0.4270803022222222,2024-08-23T23:00:00Z,126,2024-08-29T05:00:00Z
2024244N09137-CE01-L024,2024244N09137-CE01,2024244N09137,landfall,2024-09-06T07:50:05.665233Z,19.822493899405316,110.99433057495082,24,2024-09-05T07:50:05.665233Z,23.83490700916667,0.16509299083333334,2024-09-05T08:00:00Z,24,2024-09-06T08:00:00Z
2024244N09137-CE01-L048,2024244N09137-CE01,2024244N09137,landfall,2024-09-06T07:50:05.665233Z,19.822493899405316,110.99433057495082,48,2024-09-04T07:50:05.665233Z,47.83490700916667,0.16509299083333334,2024-09-04T08:00:00Z,48,2024-09-06T08:00:00Z
2024244N09137-CE01-L072,2024244N09137-CE01,2024244N09137,landfall,2024-09-06T07:50:05.665233Z,19.822493899405316,110.99433057495082,72,2024-09-03T07:50:05.665233Z,71.83490700916667,0.16509299083333334,2024-09-03T08:00:00Z,72,2024-09-06T08:00:00Z
2024244N09137-CE01-L096,2024244N09137-CE01,2024244N09137,landfall,2024-09-06T07:50:05.665233Z,19.822493899405316,110.99433057495082,96,2024-09-02T07:50:05.665233Z,95.83490700916667,0.16509299083333334,2024-09-02T08:00:00Z,96,2024-09-06T08:00:00Z
2024244N09137-CE01-L120,2024244N09137-CE01,2024244N09137,landfall,2024-09-06T07:50:05.665233Z,19.822493899405316,110.99433057495082,120,2024-09-01T07:50:05.665233Z,119.83490700916667,0.16509299083333334,2024-09-01T08:00:00Z,120,2024-09-06T08:00:00Z
2024253N21266-CE01-L024,2024253N21266-CE01,2024253N21266,landfall,2024-09-11T21:55:30.855134Z,29.28505806766297,-91.3149793844154,24,2024-09-10T21:55:30.855134Z,23.925237537222223,0.07476246277777777,2024-09-10T22:00:00Z,24,2024-09-11T22:00:00Z
2024253N21266-CE01-L048,2024253N21266-CE01,2024253N21266,landfall,2024-09-11T21:55:30.855134Z,29.28505806766297,-91.3149793844154,48,2024-09-09T21:55:30.855134Z,47.92523753722222,0.07476246277777777,2024-09-09T22:00:00Z,48,2024-09-11T22:00:00Z
2024253N21266-CE01-L072,2024253N21266-CE01,2024253N21266,landfall,2024-09-11T21:55:30.855134Z,29.28505806766297,-91.3149793844154,72,2024-09-08T21:55:30.855134Z,71.92523753722223,0.07476246277777777,2024-09-08T22:00:00Z,72,2024-09-11T22:00:00Z
2024253N21266-CE01-L096,2024253N21266-CE01,2024253N21266,landfall,2024-09-11T21:55:30.855134Z,29.28505806766297,-91.3149793844154,96,2024-09-07T21:55:30.855134Z,95.92523753722223,0.07476246277777777,2024-09-07T22:00:00Z,96,2024-09-11T22:00:00Z
2024253N21266-CE01-L120,2024253N21266-CE01,2024253N21266,landfall,2024-09-11T21:55:30.855134Z,29.28505806766297,-91.3149793844154,120,2024-09-06T21:55:30.855134Z,119.92523753722223,0.07476246277777777,2024-09-06T22:00:00Z,120,2024-09-11T22:00:00Z
2024253N11148-CE01-L024,2024253N11148-CE01,2024253N11148,coastal_approach,2024-09-14T11:30:00Z,28.05012727686916,129.28352551180123,24,2024-09-13T11:30:00Z,24.5,-0.5,2024-09-13T11:00:00Z,30,2024-09-14T17:00:00Z
2024253N11148-CE01-L048,2024253N11148-CE01,2024253N11148,coastal_approach,2024-09-14T11:30:00Z,28.05012727686916,129.28352551180123,48,2024-09-12T11:30:00Z,48.5,-0.5,2024-09-12T11:00:00Z,54,2024-09-14T17:00:00Z
2024253N11148-CE01-L072,2024253N11148-CE01,2024253N11148,coastal_approach,2024-09-14T11:30:00Z,28.05012727686916,129.28352551180123,72,2024-09-11T11:30:00Z,72.5,-0.5,2024-09-11T11:00:00Z,78,2024-09-14T17:00:00Z
2024253N11148-CE01-L096,2024253N11148-CE01,2024253N11148,coastal_approach,2024-09-14T11:30:00Z,28.05012727686916,129.28352551180123,96,2024-09-10T11:30:00Z,96.5,-0.5,2024-09-10T11:00:00Z,102,2024-09-14T17:00:00Z
2024253N11148-CE01-L120,2024253N11148-CE01,2024253N11148,coastal_approach,2024-09-14T11:30:00Z,28.05012727686916,129.28352551180123,120,2024-09-09T11:30:00Z,120.5,-0.5,2024-09-09T11:00:00Z,126,2024-09-14T17:00:00Z
2024253N11148-CE02-L024,2024253N11148-CE02,2024253N11148,landfall,2024-09-15T21:04:45.484473Z,30.70533537825088,122.48153371690486,24,2024-09-14T21:04:45.484473Z,24.0793012425,-0.0793012425,2024-09-14T21:00:00Z,30,2024-09-16T03:00:00Z
2024253N11148-CE02-L048,2024253N11148-CE02,2024253N11148,landfall,2024-09-15T21:04:45.484473Z,30.70533537825088,122.48153371690486,48,2024-09-13T21:04:45.484473Z,48.079301242499994,-0.0793012425,2024-09-13T21:00:00Z,54,2024-09-16T03:00:00Z
2024253N11148-CE02-L072,2024253N11148-CE02,2024253N11148,landfall,2024-09-15T21:04:45.484473Z,30.70533537825088,122.48153371690486,72,2024-09-12T21:04:45.484473Z,72.0793012425,-0.0793012425,2024-09-12T21:00:00Z,78,2024-09-16T03:00:00Z
2024253N11148-CE02-L096,2024253N11148-CE02,2024253N11148,landfall,2024-09-15T21:04:45.484473Z,30.70533537825088,122.48153371690486,96,2024-09-11T21:04:45.484473Z,96.0793012425,-0.0793012425,2024-09-11T21:00:00Z,102,2024-09-16T03:00:00Z
2024253N11148-CE02-L120,2024253N11148-CE02,2024253N11148,landfall,2024-09-15T21:04:45.484473Z,30.70533537825088,122.48153371690486,120,2024-09-10T21:04:45.484473Z,120.0793012425,-0.0793012425,2024-09-10T21:00:00Z,126,2024-09-16T03:00:00Z
2024267N14261-CE01-L024,2024267N14261-CE01,2024267N14261,landfall,2024-09-24T02:44:36.876334Z,16.54018644054579,-98.8742740854337,24,2024-09-23T02:44:36.876334Z,23.743576759444444,0.25642324055555554,2024-09-23T03:00:00Z,24,2024-09-24T03:00:00Z
2024267N14261-CE01-L048,2024267N14261-CE01,2024267N14261,landfall,2024-09-24T02:44:36.876334Z,16.54018644054579,-98.8742740854337,48,2024-09-22T02:44:36.876334Z,47.743576759444444,0.25642324055555554,2024-09-22T03:00:00Z,48,2024-09-24T03:00:00Z
2024267N14261-CE01-L072,2024267N14261-CE01,2024267N14261,landfall,2024-09-24T02:44:36.876334Z,16.54018644054579,-98.8742740854337,72,2024-09-21T02:44:36.876334Z,71.74357675944445,0.25642324055555554,2024-09-21T03:00:00Z,72,2024-09-24T03:00:00Z
2024267N14261-CE01-L096,2024267N14261-CE01,2024267N14261,landfall,2024-09-24T02:44:36.876334Z,16.54018644054579,-98.8742740854337,96,2024-09-20T02:44:36.876334Z,95.74357675944444,0.25642324055555554,2024-09-20T03:00:00Z,96,2024-09-24T03:00:00Z
2024267N14261-CE01-L120,2024267N14261-CE01,2024267N14261,landfall,2024-09-24T02:44:36.876334Z,16.54018644054579,-98.8742740854337,120,2024-09-19T02:44:36.876334Z,119.74357675944444,0.25642324055555554,2024-09-19T03:00:00Z,120,2024-09-24T03:00:00Z
2024268N17278-CE01-L024,2024268N17278-CE01,2024268N17278,landfall,2024-09-27T03:03:30.868737Z,29.93514496257836,-83.7,24,2024-09-26T03:03:30.868737Z,24.058574649166665,-0.058574649166666666,2024-09-26T03:00:00Z,30,2024-09-27T09:00:00Z
2024268N17278-CE01-L048,2024268N17278-CE01,2024268N17278,landfall,2024-09-27T03:03:30.868737Z,29.93514496257836,-83.7,48,2024-09-25T03:03:30.868737Z,48.05857464916667,-0.058574649166666666,2024-09-25T03:00:00Z,54,2024-09-27T09:00:00Z
2024268N17278-CE01-L072,2024268N17278-CE01,2024268N17278,landfall,2024-09-27T03:03:30.868737Z,29.93514496257836,-83.7,72,2024-09-24T03:03:30.868737Z,72.05857464916667,-0.058574649166666666,2024-09-24T03:00:00Z,78,2024-09-27T09:00:00Z
2024268N17278-CE01-L096,2024268N17278-CE01,2024268N17278,landfall,2024-09-27T03:03:30.868737Z,29.93514496257836,-83.7,96,2024-09-23T03:03:30.868737Z,96.05857464916666,-0.058574649166666666,2024-09-23T03:00:00Z,102,2024-09-27T09:00:00Z
2024268N17278-CE01-L120,2024268N17278-CE01,2024268N17278,landfall,2024-09-27T03:03:30.868737Z,29.93514496257836,-83.7,120,2024-09-22T03:03:30.868737Z,120.05857464916666,-0.058574649166666666,2024-09-22T03:00:00Z,126,2024-09-27T09:00:00Z
2024267N14261-CE02-L024,2024267N14261-CE02,2024267N14261,landfall,2024-09-27T15:45:59.376086Z,18.17665408305069,-103.07663915139818,24,2024-09-26T15:45:59.376086Z,23.766493357222224,0.23350664277777777,2024-09-26T16:00:00Z,24,2024-09-27T16:00:00Z
2024267N14261-CE02-L048,2024267N14261-CE02,2024267N14261,landfall,2024-09-27T15:45:59.376086Z,18.17665408305069,-103.07663915139818,48,2024-09-25T15:45:59.376086Z,47.766493357222224,0.23350664277777777,2024-09-25T16:00:00Z,48,2024-09-27T16:00:00Z
2024267N14261-CE02-L072,2024267N14261-CE02,2024267N14261,landfall,2024-09-27T15:45:59.376086Z,18.17665408305069,-103.07663915139818,72,2024-09-24T15:45:59.376086Z,71.76649335722222,0.23350664277777777,2024-09-24T16:00:00Z,72,2024-09-27T16:00:00Z
2024267N14261-CE02-L096,2024267N14261-CE02,2024267N14261,landfall,2024-09-27T15:45:59.376086Z,18.17665408305069,-103.07663915139818,96,2024-09-23T15:45:59.376086Z,95.76649335722222,0.23350664277777777,2024-09-23T16:00:00Z,96,2024-09-27T16:00:00Z
2024267N14261-CE02-L120,2024267N14261-CE02,2024267N14261,landfall,2024-09-27T15:45:59.376086Z,18.17665408305069,-103.07663915139818,120,2024-09-22T15:45:59.376086Z,119.76649335722222,0.23350664277777777,2024-09-22T16:00:00Z,120,2024-09-27T16:00:00Z
2024270N24128-CE01-L024,2024270N24128-CE01,2024270N24128,landfall,2024-10-03T04:49:10.287963Z,22.560680643787684,120.32126722992696,24,2024-10-02T04:49:10.287963Z,23.819524434166667,0.18047556583333332,2024-10-02T05:00:00Z,24,2024-10-03T05:00:00Z
2024270N24128-CE01-L048,2024270N24128-CE01,2024270N24128,landfall,2024-10-03T04:49:10.287963Z,22.560680643787684,120.32126722992696,48,2024-10-01T04:49:10.287963Z,47.81952443416667,0.18047556583333332,2024-10-01T05:00:00Z,48,2024-10-03T05:00:00Z
2024270N24128-CE01-L072,2024270N24128-CE01,2024270N24128,landfall,2024-10-03T04:49:10.287963Z,22.560680643787684,120.32126722992696,72,2024-09-30T04:49:10.287963Z,71.81952443416667,0.18047556583333332,2024-09-30T05:00:00Z,72,2024-10-03T05:00:00Z
2024270N24128-CE01-L096,2024270N24128-CE01,2024270N24128,landfall,2024-10-03T04:49:10.287963Z,22.560680643787684,120.32126722992696,96,2024-09-29T04:49:10.287963Z,95.81952443416667,0.18047556583333332,2024-09-29T05:00:00Z,96,2024-10-03T05:00:00Z
2024270N24128-CE01-L120,2024270N24128-CE01,2024270N24128,landfall,2024-10-03T04:49:10.287963Z,22.560680643787684,120.32126722992696,120,2024-09-28T04:49:10.287963Z,119.81952443416667,0.18047556583333332,2024-09-28T05:00:00Z,120,2024-10-03T05:00:00Z
2024279N21265-CE01-L024,2024279N21265-CE01,2024279N21265,coastal_approach,2024-10-08T07:00:00Z,22.0001096942246,-89.36685393113919,24,2024-10-07T07:00:00Z,24.0,0.0,2024-10-07T07:00:00Z,24,2024-10-08T07:00:00Z
2024279N21265-CE01-L048,2024279N21265-CE01,2024279N21265,coastal_approach,2024-10-08T07:00:00Z,22.0001096942246,-89.36685393113919,48,2024-10-06T07:00:00Z,48.0,0.0,2024-10-06T07:00:00Z,48,2024-10-08T07:00:00Z
2024279N21265-CE01-L072,2024279N21265-CE01,2024279N21265,coastal_approach,2024-10-08T07:00:00Z,22.0001096942246,-89.36685393113919,72,2024-10-05T07:00:00Z,72.0,0.0,2024-10-05T07:00:00Z,72,2024-10-08T07:00:00Z
2024279N21265-CE01-L096,2024279N21265-CE01,2024279N21265,coastal_approach,2024-10-08T07:00:00Z,22.0001096942246,-89.36685393113919,96,2024-10-04T07:00:00Z,96.0,0.0,2024-10-04T07:00:00Z,96,2024-10-08T07:00:00Z
2024279N21265-CE01-L120,2024279N21265-CE01,2024279N21265,coastal_approach,2024-10-08T07:00:00Z,22.0001096942246,-89.36685393113919,120,2024-10-03T07:00:00Z,120.0,0.0,2024-10-03T07:00:00Z,120,2024-10-08T07:00:00Z
2024279N21265-CE02-L024,2024279N21265-CE02,2024279N21265,landfall,2024-10-10T00:21:19.171309Z,27.371072584593083,-82.62895339916413,24,2024-10-09T00:21:19.171309Z,24.35532536361111,-0.3553253636111111,2024-10-09T00:00:00Z,30,2024-10-10T06:00:00Z
2024279N21265-CE02-L048,2024279N21265-CE02,2024279N21265,landfall,2024-10-10T00:21:19.171309Z,27.371072584593083,-82.62895339916413,48,2024-10-08T00:21:19.171309Z,48.35532536361111,-0.3553253636111111,2024-10-08T00:00:00Z,54,2024-10-10T06:00:00Z
2024279N21265-CE02-L072,2024279N21265-CE02,2024279N21265,landfall,2024-10-10T00:21:19.171309Z,27.371072584593083,-82.62895339916413,72,2024-10-07T00:21:19.171309Z,72.35532536361112,-0.3553253636111111,2024-10-07T00:00:00Z,78,2024-10-10T06:00:00Z
2024279N21265-CE02-L096,2024279N21265-CE02,2024279N21265,landfall,2024-10-10T00:21:19.171309Z,27.371072584593083,-82.62895339916413,96,2024-10-06T00:21:19.171309Z,96.35532536361112,-0.3553253636111111,2024-10-06T00:00:00Z,102,2024-10-10T06:00:00Z
2024279N21265-CE02-L120,2024279N21265-CE02,2024279N21265,landfall,2024-10-10T00:21:19.171309Z,27.371072584593083,-82.62895339916413,120,2024-10-05T00:21:19.171309Z,120.35532536361112,-0.3553253636111111,2024-10-05T00:00:00Z,126,2024-10-10T06:00:00Z
2024279N21265-CE03-L024,2024279N21265-CE03,2024279N21265,landfall,2024-10-10T07:55:55.158869Z,28.422684073781724,-80.72137083363089,24,2024-10-09T07:55:55.158869Z,23.931988574722222,0.06801142527777777,2024-10-09T08:00:00Z,24,2024-10-10T08:00:00Z
2024279N21265-CE03-L048,2024279N21265-CE03,2024279N21265,landfall,2024-10-10T07:55:55.158869Z,28.422684073781724,-80.72137083363089,48,2024-10-08T07:55:55.158869Z,47.931988574722226,0.06801142527777777,2024-10-08T08:00:00Z,48,2024-10-10T08:00:00Z
2024279N21265-CE03-L072,2024279N21265-CE03,2024279N21265,landfall,2024-10-10T07:55:55.158869Z,28.422684073781724,-80.72137083363089,72,2024-10-07T07:55:55.158869Z,71.93198857472223,0.06801142527777777,2024-10-07T08:00:00Z,72,2024-10-10T08:00:00Z
2024279N21265-CE03-L096,2024279N21265-CE03,2024279N21265,landfall,2024-10-10T07:55:55.158869Z,28.422684073781724,-80.72137083363089,96,2024-10-06T07:55:55.158869Z,95.93198857472221,0.06801142527777777,2024-10-06T08:00:00Z,96,2024-10-10T08:00:00Z
2024279N21265-CE03-L120,2024279N21265-CE03,2024279N21265,landfall,2024-10-10T07:55:55.158869Z,28.422684073781724,-80.72137083363089,120,2024-10-05T07:55:55.158869Z,119.93198857472221,0.06801142527777777,2024-10-05T08:00:00Z,120,2024-10-10T08:00:00Z
2024293N21294-CE01-L024,2024293N21294-CE01,2024293N21294,landfall,2024-10-19T20:28:56.064764Z,21.50000639838602,-71.13096536108239,24,2024-10-18T20:28:56.064764Z,24.48224021222222,-0.4822402122222222,2024-10-18T20:00:00Z,30,2024-10-20T02:00:00Z
2024293N21294-CE01-L048,2024293N21294-CE01,2024293N21294,landfall,2024-10-19T20:28:56.064764Z,21.50000639838602,-71.13096536108239,48,2024-10-17T20:28:56.064764Z,48.48224021222222,-0.4822402122222222,2024-10-17T20:00:00Z,54,2024-10-20T02:00:00Z
2024293N21294-CE01-L072,2024293N21294-CE01,2024293N21294,landfall,2024-10-19T20:28:56.064764Z,21.50000639838602,-71.13096536108239,72,2024-10-16T20:28:56.064764Z,72.48224021222222,-0.4822402122222222,2024-10-16T20:00:00Z,78,2024-10-20T02:00:00Z
2024293N21294-CE01-L096,2024293N21294-CE01,2024293N21294,landfall,2024-10-19T20:28:56.064764Z,21.50000639838602,-71.13096536108239,96,2024-10-15T20:28:56.064764Z,96.48224021222222,-0.4822402122222222,2024-10-15T20:00:00Z,102,2024-10-20T02:00:00Z
2024293N21294-CE01-L120,2024293N21294-CE01,2024293N21294,landfall,2024-10-19T20:28:56.064764Z,21.50000639838602,-71.13096536108239,120,2024-10-14T20:28:56.064764Z,120.48224021222222,-0.4822402122222222,2024-10-14T20:00:00Z,126,2024-10-20T02:00:00Z
2024295N15092-CE01-L024,2024295N15092-CE01,2024295N15092,landfall,2024-10-24T20:45:00.360687Z,20.68334240103659,87.00833997167798,24,2024-10-23T20:45:00.360687Z,23.750100190833333,0.24989980916666668,2024-10-23T21:00:00Z,24,2024-10-24T21:00:00Z
2024295N15092-CE01-L048,2024295N15092-CE01,2024295N15092,landfall,2024-10-24T20:45:00.360687Z,20.68334240103659,87.00833997167798,48,2024-10-22T20:45:00.360687Z,47.75010019083334,0.24989980916666668,2024-10-22T21:00:00Z,48,2024-10-24T21:00:00Z
2024295N15092-CE01-L072,2024295N15092-CE01,2024295N15092,landfall,2024-10-24T20:45:00.360687Z,20.68334240103659,87.00833997167798,72,2024-10-21T20:45:00.360687Z,71.75010019083334,0.24989980916666668,2024-10-21T21:00:00Z,72,2024-10-24T21:00:00Z
2024295N15092-CE01-L096,2024295N15092-CE01,2024295N15092,landfall,2024-10-24T20:45:00.360687Z,20.68334240103659,87.00833997167798,96,2024-10-20T20:45:00.360687Z,95.75010019083332,0.24989980916666668,2024-10-20T21:00:00Z,96,2024-10-24T21:00:00Z
2024295N15092-CE01-L120,2024295N15092-CE01,2024295N15092,landfall,2024-10-24T20:45:00.360687Z,20.68334240103659,87.00833997167798,120,2024-10-19T20:45:00.360687Z,119.75010019083332,0.24989980916666668,2024-10-19T21:00:00Z,120,2024-10-24T21:00:00Z
2024293N13141-CE01-L024,2024293N13141-CE01,2024293N13141,landfall,2024-10-27T03:12:42.235807Z,16.271794196806177,108.07171628546972,24,2024-10-26T03:12:42.235807Z,24.211732168611114,-0.2117321686111111,2024-10-26T03:00:00Z,30,2024-10-27T09:00:00Z
2024293N13141-CE01-L048,2024293N13141-CE01,2024293N13141,landfall,2024-10-27T03:12:42.235807Z,16.271794196806177,108.07171628546972,48,2024-10-25T03:12:42.235807Z,48.21173216861111,-0.2117321686111111,2024-10-25T03:00:00Z,54,2024-10-27T09:00:00Z
2024293N13141-CE01-L072,2024293N13141-CE01,2024293N13141,landfall,2024-10-27T03:12:42.235807Z,16.271794196806177,108.07171628546972,72,2024-10-24T03:12:42.235807Z,72.2117321686111,-0.2117321686111111,2024-10-24T03:00:00Z,78,2024-10-27T09:00:00Z
2024293N13141-CE01-L096,2024293N13141-CE01,2024293N13141,landfall,2024-10-27T03:12:42.235807Z,16.271794196806177,108.07171628546972,96,2024-10-23T03:12:42.235807Z,96.21173216861112,-0.2117321686111111,2024-10-23T03:00:00Z,102,2024-10-27T09:00:00Z
2024293N13141-CE01-L120,2024293N13141-CE01,2024293N13141,landfall,2024-10-27T03:12:42.235807Z,16.271794196806177,108.07171628546972,120,2024-10-22T03:12:42.235807Z,120.21173216861112,-0.2117321686111111,2024-10-22T03:00:00Z,126,2024-10-27T09:00:00Z
2024298N13150-CE01-L024,2024298N13150-CE01,2024298N13150,landfall,2024-10-31T05:44:07.442363Z,23.038303145799837,121.33544474819568,24,2024-10-30T05:44:07.442363Z,23.735400656388887,0.2645993436111111,2024-10-30T06:00:00Z,24,2024-10-31T06:00:00Z
2024298N13150-CE01-L048,2024298N13150-CE01,2024298N13150,landfall,2024-10-31T05:44:07.442363Z,23.038303145799837,121.33544474819568,48,2024-10-29T05:44:07.442363Z,47.73540065638889,0.2645993436111111,2024-10-29T06:00:00Z,48,2024-10-31T06:00:00Z
2024298N13150-CE01-L072,2024298N13150-CE01,2024298N13150,landfall,2024-10-31T05:44:07.442363Z,23.038303145799837,121.33544474819568,72,2024-10-28T05:44:07.442363Z,71.73540065638889,0.2645993436111111,2024-10-28T06:00:00Z,72,2024-10-31T06:00:00Z
2024298N13150-CE01-L096,2024298N13150-CE01,2024298N13150,landfall,2024-10-31T05:44:07.442363Z,23.038303145799837,121.33544474819568,96,2024-10-27T05:44:07.442363Z,95.73540065638889,0.2645993436111111,2024-10-27T06:00:00Z,96,2024-10-31T06:00:00Z
2024298N13150-CE01-L120,2024298N13150-CE01,2024298N13150,landfall,2024-10-31T05:44:07.442363Z,23.038303145799837,121.33544474819568,120,2024-10-26T05:44:07.442363Z,119.73540065638889,0.2645993436111111,2024-10-26T06:00:00Z,120,2024-10-31T06:00:00Z
2024309N13283-CE01-L024,2024309N13283-CE01,2024309N13283,landfall,2024-11-06T15:39:35.337166Z,21.610054577846817,-81.98773857319784,24,2024-11-05T15:39:35.337166Z,23.659815879444444,0.3401841205555555,2024-11-05T16:00:00Z,24,2024-11-06T16:00:00Z
2024309N13283-CE01-L048,2024309N13283-CE01,2024309N13283,landfall,2024-11-06T15:39:35.337166Z,21.610054577846817,-81.98773857319784,48,2024-11-04T15:39:35.337166Z,47.659815879444444,0.3401841205555555,2024-11-04T16:00:00Z,48,2024-11-06T16:00:00Z
2024309N13283-CE01-L072,2024309N13283-CE01,2024309N13283,landfall,2024-11-06T15:39:35.337166Z,21.610054577846817,-81.98773857319784,72,2024-11-03T15:39:35.337166Z,71.65981587944445,0.3401841205555555,2024-11-03T16:00:00Z,72,2024-11-06T16:00:00Z
2024309N13283-CE01-L096,2024309N13283-CE01,2024309N13283,landfall,2024-11-06T15:39:35.337166Z,21.610054577846817,-81.98773857319784,96,2024-11-02T15:39:35.337166Z,95.65981587944444,0.3401841205555555,2024-11-02T16:00:00Z,96,2024-11-06T16:00:00Z
2024309N13283-CE01-L120,2024309N13283-CE01,2024309N13283,landfall,2024-11-06T15:39:35.337166Z,21.610054577846817,-81.98773857319784,120,2024-11-01T15:39:35.337166Z,119.65981587944444,0.3401841205555555,2024-11-01T16:00:00Z,120,2024-11-06T16:00:00Z
2024307N06143-CE01-L024,2024307N06143-CE01,2024307N06143,landfall,2024-11-07T07:51:13.944792Z,18.561895960065137,122.15287183113796,24,2024-11-06T07:51:13.944792Z,23.853873553333333,0.14612644666666666,2024-11-06T08:00:00Z,24,2024-11-07T08:00:00Z
2024307N06143-CE01-L048,2024307N06143-CE01,2024307N06143,landfall,2024-11-07T07:51:13.944792Z,18.561895960065137,122.15287183113796,48,2024-11-05T07:51:13.944792Z,47.85387355333333,0.14612644666666666,2024-11-05T08:00:00Z,48,2024-11-07T08:00:00Z
2024307N06143-CE01-L072,2024307N06143-CE01,2024307N06143,landfall,2024-11-07T07:51:13.944792Z,18.561895960065137,122.15287183113796,72,2024-11-04T07:51:13.944792Z,71.85387355333333,0.14612644666666666,2024-11-04T08:00:00Z,72,2024-11-07T08:00:00Z
2024307N06143-CE01-L096,2024307N06143-CE01,2024307N06143,landfall,2024-11-07T07:51:13.944792Z,18.561895960065137,122.15287183113796,96,2024-11-03T07:51:13.944792Z,95.85387355333333,0.14612644666666666,2024-11-03T08:00:00Z,96,2024-11-07T08:00:00Z
2024307N06143-CE01-L120,2024307N06143-CE01,2024307N06143,landfall,2024-11-07T07:51:13.944792Z,18.561895960065137,122.15287183113796,120,2024-11-02T07:51:13.944792Z,119.85387355333333,0.14612644666666666,2024-11-02T08:00:00Z,120,2024-11-07T08:00:00Z
2024312N14145-CE01-L024,2024312N14145-CE01,2024312N14145,landfall,2024-11-11T00:28:17.763435Z,16.347274116221865,122.20580171746576,24,2024-11-10T00:28:17.763435Z,24.471600954166668,-0.4716009541666667,2024-11-10T00:00:00Z,30,2024-11-11T06:00:00Z
2024312N14145-CE01-L048,2024312N14145-CE01,2024312N14145,landfall,2024-11-11T00:28:17.763435Z,16.347274116221865,122.20580171746576,48,2024-11-09T00:28:17.763435Z,48.47160095416667,-0.4716009541666667,2024-11-09T00:00:00Z,54,2024-11-11T06:00:00Z
2024312N14145-CE01-L072,2024312N14145-CE01,2024312N14145,landfall,2024-11-11T00:28:17.763435Z,16.347274116221865,122.20580171746576,72,2024-11-08T00:28:17.763435Z,72.47160095416666,-0.4716009541666667,2024-11-08T00:00:00Z,78,2024-11-11T06:00:00Z
2024312N14145-CE01-L096,2024312N14145-CE01,2024312N14145,landfall,2024-11-11T00:28:17.763435Z,16.347274116221865,122.20580171746576,96,2024-11-07T00:28:17.763435Z,96.47160095416666,-0.4716009541666667,2024-11-07T00:00:00Z,102,2024-11-11T06:00:00Z
2024312N14145-CE01-L120,2024312N14145-CE01,2024312N14145,landfall,2024-11-11T00:28:17.763435Z,16.347274116221865,122.20580171746576,120,2024-11-06T00:28:17.763435Z,120.47160095416666,-0.4716009541666667,2024-11-06T00:00:00Z,126,2024-11-11T06:00:00Z
2024314N07151-CE01-L024,2024314N07151-CE01,2024314N07151,landfall,2024-11-14T05:36:17.191476Z,17.847377296224334,122.16599781268452,24,2024-11-13T05:36:17.191476Z,23.604775410000002,0.39522459,2024-11-13T06:00:00Z,24,2024-11-14T06:00:00Z
2024314N07151-CE01-L048,2024314N07151-CE01,2024314N07151,landfall,2024-11-14T05:36:17.191476Z,17.847377296224334,122.16599781268452,48,2024-11-12T05:36:17.191476Z,47.60477541,0.39522459,2024-11-12T06:00:00Z,48,2024-11-14T06:00:00Z
2024314N07151-CE01-L072,2024314N07151-CE01,2024314N07151,landfall,2024-11-14T05:36:17.191476Z,17.847377296224334,122.16599781268452,72,2024-11-11T05:36:17.191476Z,71.60477541,0.39522459,2024-11-11T06:00:00Z,72,2024-11-14T06:00:00Z
2024314N07151-CE01-L096,2024314N07151-CE01,2024314N07151,landfall,2024-11-14T05:36:17.191476Z,17.847377296224334,122.16599781268452,96,2024-11-10T05:36:17.191476Z,95.60477541,0.39522459,2024-11-10T06:00:00Z,96,2024-11-14T06:00:00Z
2024314N07151-CE01-L120,2024314N07151-CE01,2024314N07151,landfall,2024-11-14T05:36:17.191476Z,17.847377296224334,122.16599781268452,120,2024-11-09T05:36:17.191476Z,119.60477541,0.39522459,2024-11-09T06:00:00Z,120,2024-11-14T06:00:00Z
2024313N10169-CE01-L024,2024313N10169-CE01,2024313N10169,landfall,2024-11-16T14:54:15.251420Z,14.0936260369416,124.2127791782027,24,2024-11-15T14:54:15.251420Z,23.904236505555556,0.09576349444444444,2024-11-15T15:00:00Z,24,2024-11-16T15:00:00Z
2024313N10169-CE01-L048,2024313N10169-CE01,2024313N10169,landfall,2024-11-16T14:54:15.251420Z,14.0936260369416,124.2127791782027,48,2024-11-14T14:54:15.251420Z,47.90423650555555,0.09576349444444444,2024-11-14T15:00:00Z,48,2024-11-16T15:00:00Z
2024313N10169-CE01-L072,2024313N10169-CE01,2024313N10169,landfall,2024-11-16T14:54:15.251420Z,14.0936260369416,124.2127791782027,72,2024-11-13T14:54:15.251420Z,71.90423650555555,0.09576349444444444,2024-11-13T15:00:00Z,72,2024-11-16T15:00:00Z
2024313N10169-CE01-L096,2024313N10169-CE01,2024313N10169,landfall,2024-11-16T14:54:15.251420Z,14.0936260369416,124.2127791782027,96,2024-11-12T14:54:15.251420Z,95.90423650555555,0.09576349444444444,2024-11-12T15:00:00Z,96,2024-11-16T15:00:00Z
2024313N10169-CE01-L120,2024313N10169-CE01,2024313N10169,landfall,2024-11-16T14:54:15.251420Z,14.0936260369416,124.2127791782027,120,2024-11-11T14:54:15.251420Z,119.90423650555555,0.09576349444444444,2024-11-11T15:00:00Z,120,2024-11-16T15:00:00Z
2024313N10169-CE02-L024,2024313N10169-CE02,2024313N10169,coastal_approach,2024-11-17T13:48:00Z,16.860290332425862,120.28052861904608,24,2024-11-16T13:48:00Z,23.8,0.2,2024-11-16T14:00:00Z,24,2024-11-17T14:00:00Z
2024313N10169-CE02-L048,2024313N10169-CE02,2024313N10169,coastal_approach,2024-11-17T13:48:00Z,16.860290332425862,120.28052861904608,48,2024-11-15T13:48:00Z,47.8,0.2,2024-11-15T14:00:00Z,48,2024-11-17T14:00:00Z
2024313N10169-CE02-L072,2024313N10169-CE02,2024313N10169,coastal_approach,2024-11-17T13:48:00Z,16.860290332425862,120.28052861904608,72,2024-11-14T13:48:00Z,71.8,0.2,2024-11-14T14:00:00Z,72,2024-11-17T14:00:00Z
2024313N10169-CE02-L096,2024313N10169-CE02,2024313N10169,coastal_approach,2024-11-17T13:48:00Z,16.860290332425862,120.28052861904608,96,2024-11-13T13:48:00Z,95.8,0.2,2024-11-13T14:00:00Z,96,2024-11-17T14:00:00Z
2024313N10169-CE02-L120,2024313N10169-CE02,2024313N10169,coastal_approach,2024-11-17T13:48:00Z,16.860290332425862,120.28052861904608,120,2024-11-12T13:48:00Z,119.8,0.2,2024-11-12T14:00:00Z,120,2024-11-17T14:00:00Z
