forecast_case_id,case_id,storm_id,reference_event,reference_time,reference_latitude,reference_longitude,nominal_lead_hours,target_init_time,init_time,actual_lead_hours,cycle_offset_hours,schedule_status
2022024S09090-CE01-L024,2022024S09090-CE01,2022024S09090,coastal_approach,2022-02-01 15:00:00+00:00,-17.3,59.6,24,2022-01-31 15:00:00+00:00,2022-01-31 12:00:00+00:00,27.0,-3.0,matched
2022024S09090-CE01-L048,2022024S09090-CE01,2022024S09090,coastal_approach,2022-02-01 15:00:00+00:00,-17.3,59.6,48,2022-01-30 15:00:00+00:00,2022-01-30 12:00:00+00:00,51.0,-3.0,matched
2022024S09090-CE01-L072,2022024S09090-CE01,2022024S09090,coastal_approach,2022-02-01 15:00:00+00:00,-17.3,59.6,72,2022-01-29 15:00:00+00:00,2022-01-29 12:00:00+00:00,75.0,-3.0,matched
2022024S09090-CE01-L096,2022024S09090-CE01,2022024S09090,coastal_approach,2022-02-01 15:00:00+00:00,-17.3,59.6,96,2022-01-28 15:00:00+00:00,2022-01-28 12:00:00+00:00,99.0,-3.0,matched
2022024S09090-CE01-L120,2022024S09090-CE01,2022024S09090,coastal_approach,2022-02-01 15:00:00+00:00,-17.3,59.6,120,2022-01-27 15:00:00+00:00,2022-01-27 12:00:00+00:00,123.0,-3.0,matched
2022024S09090-CE02-L024,2022024S09090-CE02,2022024S09090,landfall,2022-02-05 17:01:48.141186+00:00,-20.967828484176778,48.461732767098006,24,2022-02-04 17:01:48.141186+00:00,2022-02-04 18:00:00+00:00,23.030039218333332,0.9699607816666667,matched
2022024S09090-CE02-L048,2022024S09090-CE02,2022024S09090,landfall,2022-02-05 17:01:48.141186+00:00,-20.967828484176778,48.461732767098006,48,2022-02-03 17:01:48.141186+00:00,2022-02-03 18:00:00+00:00,47.03003921833333,0.9699607816666667,matched
2022024S09090-CE02-L072,2022024S09090-CE02,2022024S09090,landfall,2022-02-05 17:01:48.141186+00:00,-20.967828484176778,48.461732767098006,72,2022-02-02 17:01:48.141186+00:00,2022-02-02 18:00:00+00:00,71.03003921833333,0.9699607816666667,matched
2022024S09090-CE02-L096,2022024S09090-CE02,2022024S09090,landfall,2022-02-05 17:01:48.141186+00:00,-20.967828484176778,48.461732767098006,96,2022-02-01 17:01:48.141186+00:00,2022-02-01 18:00:00+00:00,95.03003921833334,0.9699607816666667,matched
2022024S09090-CE02-L120,2022024S09090-CE02,2022024S09090,landfall,2022-02-05 17:01:48.141186+00:00,-20.967828484176778,48.461732767098006,120,2022-01-31 17:01:48.141186+00:00,2022-01-31 18:00:00+00:00,119.03003921833334,0.9699607816666667,matched
2022038S19164-CE01-L024,2022038S19164-CE01,2022038S19164,landfall,2022-02-10 08:35:52.804986+00:00,-22.54649132193556,167.46716621064786,24,2022-02-09 08:35:52.804986+00:00,2022-02-09 06:00:00+00:00,26.598001385,-2.598001385,matched
2022038S19164-CE01-L048,2022038S19164-CE01,2022038S19164,landfall,2022-02-10 08:35:52.804986+00:00,-22.54649132193556,167.46716621064786,48,2022-02-08 08:35:52.804986+00:00,2022-02-08 06:00:00+00:00,50.598001385,-2.598001385,matched
2022038S19164-CE01-L072,2022038S19164-CE01,2022038S19164,landfall,2022-02-10 08:35:52.804986+00:00,-22.54649132193556,167.46716621064786,72,2022-02-07 08:35:52.804986+00:00,2022-02-07 06:00:00+00:00,74.598001385,-2.598001385,matched
2022038S19164-CE01-L096,2022038S19164-CE01,2022038S19164,landfall,2022-02-10 08:35:52.804986+00:00,-22.54649132193556,167.46716621064786,96,2022-02-06 08:35:52.804986+00:00,2022-02-06 06:00:00+00:00,98.598001385,-2.598001385,matched
2022038S19164-CE01-L120,2022038S19164-CE01,2022038S19164,landfall,2022-02-10 08:35:52.804986+00:00,-22.54649132193556,167.46716621064786,120,2022-02-05 08:35:52.804986+00:00,2022-02-05 06:00:00+00:00,122.598001385,-2.598001385,matched
2022037S10103-CE02-L024,2022037S10103-CE02,2022037S10103,landfall,2022-02-22 23:27:57.265179+00:00,-22.511100074799412,47.88927733193185,24,2022-02-21 23:27:57.265179+00:00,2022-02-22 00:00:00+00:00,23.465906994166666,0.5340930058333333,matched
2022037S10103-CE02-L048,2022037S10103-CE02,2022037S10103,landfall,2022-02-22 23:27:57.265179+00:00,-22.511100074799412,47.88927733193185,48,2022-02-20 23:27:57.265179+00:00,2022-02-21 00:00:00+00:00,47.465906994166666,0.5340930058333333,matched
2022037S10103-CE02-L072,2022037S10103-CE02,2022037S10103,landfall,2022-02-22 23:27:57.265179+00:00,-22.511100074799412,47.88927733193185,72,2022-02-19 23:27:57.265179+00:00,2022-02-20 00:00:00+00:00,71.46590699416667,0.5340930058333333,matched
2022037S10103-CE02-L096,2022037S10103-CE02,2022037S10103,landfall,2022-02-22 23:27:57.265179+00:00,-22.511100074799412,47.88927733193185,96,2022-02-18 23:27:57.265179+00:00,2022-02-19 00:00:00+00:00,95.46590699416666,0.5340930058333333,matched
2022037S10103-CE02-L120,2022037S10103-CE02,2022037S10103,landfall,2022-02-22 23:27:57.265179+00:00,-22.511100074799412,47.88927733193185,120,2022-02-17 23:27:57.265179+00:00,2022-02-18 00:00:00+00:00,119.46590699416666,0.5340930058333333,matched
2022065S16055-CE02-L024,2022065S16055-CE02,2022065S16055,landfall,2022-03-11 00:06:26.567941+00:00,-15.396423780923852,40.59283804497135,24,2022-03-10 00:06:26.567941+00:00,2022-03-10 00:00:00+00:00,24.10737998361111,-0.10737998361111112,matched
2022065S16055-CE02-L048,2022065S16055-CE02,2022065S16055,landfall,2022-03-11 00:06:26.567941+00:00,-15.396423780923852,40.59283804497135,48,2022-03-09 00:06:26.567941+00:00,2022-03-09 00:00:00+00:00,48.10737998361111,-0.10737998361111112,matched
2022065S16055-CE02-L072,2022065S16055-CE02,2022065S16055,landfall,2022-03-11 00:06:26.567941+00:00,-15.396423780923852,40.59283804497135,72,2022-03-08 00:06:26.567941+00:00,2022-03-08 00:00:00+00:00,72.10737998361111,-0.10737998361111112,matched
2022065S16055-CE02-L096,2022065S16055-CE02,2022065S16055,landfall,2022-03-11 00:06:26.567941+00:00,-15.396423780923852,40.59283804497135,96,2022-03-07 00:06:26.567941+00:00,2022-03-07 00:00:00+00:00,96.10737998361111,-0.10737998361111112,matched
2022065S16055-CE02-L120,2022065S16055-CE02,2022065S16055,landfall,2022-03-11 00:06:26.567941+00:00,-15.396423780923852,40.59283804497135,120,2022-03-06 00:06:26.567941+00:00,2022-03-06 00:00:00+00:00,120.10737998361111,-0.10737998361111112,matched
2022096N03150-CE01-L024,2022096N03150-CE01,2022096N03150,coastal_approach,2022-04-15 06:00:00+00:00,27.899999999999995,141.8,24,2022-04-14 06:00:00+00:00,2022-04-14 06:00:00+00:00,24.0,0.0,matched
2022096N03150-CE01-L048,2022096N03150-CE01,2022096N03150,coastal_approach,2022-04-15 06:00:00+00:00,27.899999999999995,141.8,48,2022-04-13 06:00:00+00:00,2022-04-13 06:00:00+00:00,48.0,0.0,matched
2022096N03150-CE01-L072,2022096N03150-CE01,2022096N03150,coastal_approach,2022-04-15 06:00:00+00:00,27.899999999999995,141.8,72,2022-04-12 06:00:00+00:00,2022-04-12 06:00:00+00:00,72.0,0.0,matched
2022096N03150-CE01-L096,2022096N03150-CE01,2022096N03150,coastal_approach,2022-04-15 06:00:00+00:00,27.899999999999995,141.8,96,2022-04-11 06:00:00+00:00,2022-04-11 06:00:00+00:00,96.0,0.0,matched
2022096N03150-CE01-L120,2022096N03150-CE01,2022096N03150,coastal_approach,2022-04-15 06:00:00+00:00,27.899999999999995,141.8,120,2022-04-10 06:00:00+00:00,2022-04-10 06:00:00+00:00,120.0,0.0,matched
2022126N07095-CE01-L024,2022126N07095-CE01,2022126N07095,landfall,2022-05-11 14:11:14.554541+00:00,16.0271059709392,81.1541552134867,24,2022-05-10 14:11:14.554541+00:00,2022-05-10 12:00:00+00:00,26.18737626138889,-2.187376261388889,matched
2022126N07095-CE01-L048,2022126N07095-CE01,2022126N07095,landfall,2022-05-11 14:11:14.554541+00:00,16.0271059709392,81.1541552134867,48,2022-05-09 14:11:14.554541+00:00,2022-05-09 12:00:00+00:00,50.187376261388884,-2.187376261388889,matched
2022126N07095-CE01-L072,2022126N07095-CE01,2022126N07095,landfall,2022-05-11 14:11:14.554541+00:00,16.0271059709392,81.1541552134867,72,2022-05-08 14:11:14.554541+00:00,2022-05-08 12:00:00+00:00,74.18737626138889,-2.187376261388889,matched
2022126N07095-CE01-L096,2022126N07095-CE01,2022126N07095,landfall,2022-05-11 14:11:14.554541+00:00,16.0271059709392,81.1541552134867,96,2022-05-07 14:11:14.554541+00:00,2022-05-07 12:00:00+00:00,98.18737626138889,-2.187376261388889,matched
2022126N07095-CE01-L120,2022126N07095-CE01,2022126N07095,landfall,2022-05-11 14:11:14.554541+00:00,16.0271059709392,81.1541552134867,120,2022-05-06 14:11:14.554541+00:00,2022-05-06 12:00:00+00:00,122.18737626138889,-2.187376261388889,matched
2022148N13263-CE01-L024,2022148N13263-CE01,2022148N13263,landfall,2022-05-30 20:43:05.651107+00:00,15.671841413716908,-96.6282134331613,24,2022-05-29 20:43:05.651107+00:00,2022-05-29 18:00:00+00:00,26.71823641861111,-2.718236418611111,matched
2022148N13263-CE01-L048,2022148N13263-CE01,2022148N13263,landfall,2022-05-30 20:43:05.651107+00:00,15.671841413716908,-96.6282134331613,48,2022-05-28 20:43:05.651107+00:00,2022-05-28 18:00:00+00:00,50.71823641861111,-2.718236418611111,matched
2022148N13263-CE01-L072,2022148N13263-CE01,2022148N13263,landfall,2022-05-30 20:43:05.651107+00:00,15.671841413716908,-96.6282134331613,72,2022-05-27 20:43:05.651107+00:00,2022-05-27 18:00:00+00:00,74.71823641861111,-2.718236418611111,matched
2022148N13263-CE01-L096,2022148N13263-CE01,2022148N13263,landfall,2022-05-30 20:43:05.651107+00:00,15.671841413716908,-96.6282134331613,96,2022-05-26 20:43:05.651107+00:00,2022-05-26 18:00:00+00:00,98.71823641861111,-2.718236418611111,matched
2022148N13263-CE01-L120,2022148N13263-CE01,2022148N13263,landfall,2022-05-30 20:43:05.651107+00:00,15.671841413716908,-96.6282134331613,120,2022-05-25 20:43:05.651107+00:00,2022-05-25 18:00:00+00:00,122.71823641861111,-2.718236418611111,matched
2022180N15117-CE01-L024,2022180N15117-CE01,2022180N15117,landfall,2022-07-02 08:26:54.807661+00:00,21.444874470107656,111.03682399642422,24,2022-07-01 08:26:54.807661+00:00,2022-07-01 06:00:00+00:00,26.44855768361111,-2.4485576836111114,matched
2022180N15117-CE01-L048,2022180N15117-CE01,2022180N15117,landfall,2022-07-02 08:26:54.807661+00:00,21.444874470107656,111.03682399642422,48,2022-06-30 08:26:54.807661+00:00,2022-06-30 06:00:00+00:00,50.448557683611114,-2.4485576836111114,matched
2022180N15117-CE01-L072,2022180N15117-CE01,2022180N15117,landfall,2022-07-02 08:26:54.807661+00:00,21.444874470107656,111.03682399642422,72,2022-06-29 08:26:54.807661+00:00,2022-06-29 06:00:00+00:00,74.44855768361111,-2.4485576836111114,matched
2022180N15117-CE01-L096,2022180N15117-CE01,2022180N15117,landfall,2022-07-02 08:26:54.807661+00:00,21.444874470107656,111.03682399642422,96,2022-06-28 08:26:54.807661+00:00,2022-06-28 06:00:00+00:00,98.44855768361111,-2.4485576836111114,matched
2022180N15117-CE01-L120,2022180N15117-CE01,2022180N15117,landfall,2022-07-02 08:26:54.807661+00:00,21.444874470107656,111.03682399642422,120,2022-06-27 08:26:54.807661+00:00,2022-06-27 06:00:00+00:00,122.44855768361111,-2.4485576836111114,matched
2022197N12260-CE01-L024,2022197N12260-CE01,2022197N12260,coastal_approach,2022-07-19 08:30:00+00:00,18.566758832129533,-114.61658598120869,24,2022-07-18 08:30:00+00:00,2022-07-18 06:00:00+00:00,26.5,-2.5,matched
2022197N12260-CE01-L048,2022197N12260-CE01,2022197N12260,coastal_approach,2022-07-19 08:30:00+00:00,18.566758832129533,-114.61658598120869,48,2022-07-17 08:30:00+00:00,2022-07-17 06:00:00+00:00,50.5,-2.5,matched
2022197N12260-CE01-L072,2022197N12260-CE01,2022197N12260,coastal_approach,2022-07-19 08:30:00+00:00,18.566758832129533,-114.61658598120869,72,2022-07-16 08:30:00+00:00,2022-07-16 06:00:00+00:00,74.5,-2.5,matched
2022197N12260-CE01-L096,2022197N12260-CE01,2022197N12260,coastal_approach,2022-07-19 08:30:00+00:00,18.566758832129533,-114.61658598120869,96,2022-07-15 08:30:00+00:00,2022-07-15 06:00:00+00:00,98.5,-2.5,matched
2022197N12260-CE01-L120,2022197N12260-CE01,2022197N12260,coastal_approach,2022-07-19 08:30:00+00:00,18.566758832129533,-114.61658598120869,120,2022-07-14 08:30:00+00:00,2022-07-14 06:00:00+00:00,122.5,-2.5,matched
2022232N18131-CE01-L024,2022232N18131-CE01,2022232N18131,landfall,2022-08-23 03:01:45.812067+00:00,17.50392788461882,122.19413439167596,24,2022-08-22 03:01:45.812067+00:00,2022-08-22 06:00:00+00:00,21.029392240833335,2.9706077591666666,matched
2022232N18131-CE01-L048,2022232N18131-CE01,2022232N18131,landfall,2022-08-23 03:01:45.812067+00:00,17.50392788461882,122.19413439167596,48,2022-08-21 03:01:45.812067+00:00,2022-08-21 06:00:00+00:00,45.02939224083333,2.9706077591666666,matched
2022232N18131-CE01-L072,2022232N18131-CE01,2022232N18131,landfall,2022-08-23 03:01:45.812067+00:00,17.50392788461882,122.19413439167596,72,2022-08-20 03:01:45.812067+00:00,2022-08-20 06:00:00+00:00,69.02939224083333,2.9706077591666666,matched
2022232N18131-CE01-L096,2022232N18131-CE01,2022232N18131,landfall,2022-08-23 03:01:45.812067+00:00,17.50392788461882,122.19413439167596,96,2022-08-19 03:01:45.812067+00:00,2022-08-19 06:00:00+00:00,93.02939224083335,2.9706077591666666,matched
2022232N18131-CE01-L120,2022232N18131-CE01,2022232N18131,landfall,2022-08-23 03:01:45.812067+00:00,17.50392788461882,122.19413439167596,120,2022-08-18 03:01:45.812067+00:00,2022-08-18 06:00:00+00:00,117.02939224083335,2.9706077591666666,matched
2022239N22150-CE01-L024,2022239N22150-CE01,2022239N22150,coastal_approach,2022-08-29 09:00:00+00:00,27.4,142.2,24,2022-08-28 09:00:00+00:00,2022-08-28 06:00:00+00:00,27.0,-3.0,matched
2022239N22150-CE01-L048,2022239N22150-CE01,2022239N22150,coastal_approach,2022-08-29 09:00:00+00:00,27.4,142.2,48,2022-08-27 09:00:00+00:00,2022-08-27 06:00:00+00:00,51.0,-3.0,matched
2022239N22150-CE01-L072,2022239N22150-CE01,2022239N22150,coastal_approach,2022-08-29 09:00:00+00:00,27.4,142.2,72,2022-08-26 09:00:00+00:00,2022-08-26 06:00:00+00:00,75.0,-3.0,matched
2022239N22150-CE01-L096,2022239N22150-CE01,2022239N22150,coastal_approach,2022-08-29 09:00:00+00:00,27.4,142.2,96,2022-08-25 09:00:00+00:00,2022-08-25 06:00:00+00:00,99.0,-3.0,matched
2022239N22150-CE01-L120,2022239N22150-CE01,2022239N22150,coastal_approach,2022-08-29 09:00:00+00:00,27.4,142.2,120,2022-08-24 09:00:00+00:00,2022-08-24 06:00:00+00:00,123.0,-3.0,matched
2022239N22150-CE02-L024,2022239N22150-CE02,2022239N22150,coastal_approach,2022-08-30 20:40:00+00:00,26.122441857096607,131.1887537321658,24,2022-08-29 20:40:00+00:00,2022-08-29 18:00:00+00:00,26.666666666666668,-2.6666666666666665,matched
2022239N22150-CE02-L048,2022239N22150-CE02,2022239N22150,coastal_approach,2022-08-30 20:40:00+00:00,26.122441857096607,131.1887537321658,48,2022-08-28 20:40:00+00:00,2022-08-28 18:00:00+00:00,50.666666666666664,-2.6666666666666665,matched
2022239N22150-CE02-L072,2022239N22150-CE02,2022239N22150,coastal_approach,2022-08-30 20:40:00+00:00,26.122441857096607,131.1887537321658,72,2022-08-27 20:40:00+00:00,2022-08-27 18:00:00+00:00,74.66666666666667,-2.6666666666666665,matched
2022239N22150-CE02-L096,2022239N22150-CE02,2022239N22150,coastal_approach,2022-08-30 20:40:00+00:00,26.122441857096607,131.1887537321658,96,2022-08-26 20:40:00+00:00,2022-08-26 18:00:00+00:00,98.66666666666667,-2.6666666666666665,matched
2022239N22150-CE02-L120,2022239N22150-CE02,2022239N22150,coastal_approach,2022-08-30 20:40:00+00:00,26.122441857096607,131.1887537321658,120,2022-08-25 20:40:00+00:00,2022-08-25 18:00:00+00:00,122.66666666666667,-2.6666666666666665,matched
2022239N22150-CE03-L024,2022239N22150-CE03,2022239N22150,landfall,2022-09-03 14:32:16.566754+00:00,24.63839707056672,124.71544350269308,24,2022-09-02 14:32:16.566754+00:00,2022-09-02 12:00:00+00:00,26.537935209444445,-2.5379352094444445,matched
2022239N22150-CE03-L048,2022239N22150-CE03,2022239N22150,landfall,2022-09-03 14:32:16.566754+00:00,24.63839707056672,124.71544350269308,48,2022-09-01 14:32:16.566754+00:00,2022-09-01 12:00:00+00:00,50.53793520944444,-2.5379352094444445,matched
2022239N22150-CE03-L072,2022239N22150-CE03,2022239N22150,landfall,2022-09-03 14:32:16.566754+00:00,24.63839707056672,124.71544350269308,72,2022-08-31 14:32:16.566754+00:00,2022-08-31 12:00:00+00:00,74.53793520944446,-2.5379352094444445,matched
2022239N22150-CE03-L096,2022239N22150-CE03,2022239N22150,landfall,2022-09-03 14:32:16.566754+00:00,24.63839707056672,124.71544350269308,96,2022-08-30 14:32:16.566754+00:00,2022-08-30 12:00:00+00:00,98.53793520944446,-2.5379352094444445,matched
2022239N22150-CE03-L120,2022239N22150-CE03,2022239N22150,landfall,2022-09-03 14:32:16.566754+00:00,24.63839707056672,124.71544350269308,120,2022-08-29 14:32:16.566754+00:00,2022-08-29 12:00:00+00:00,122.53793520944446,-2.5379352094444445,matched
2022248N14259-CE01-L024,2022248N14259-CE01,2022248N14259,landfall,2022-09-08 20:21:07.743671+00:00,27.14631971953704,-114.28201547133936,24,2022-09-07 20:21:07.743671+00:00,2022-09-07 18:00:00+00:00,26.352151019722225,-2.352151019722222,matched
2022248N14259-CE01-L048,2022248N14259-CE01,2022248N14259,landfall,2022-09-08 20:21:07.743671+00:00,27.14631971953704,-114.28201547133936,48,2022-09-06 20:21:07.743671+00:00,2022-09-06 18:00:00+00:00,50.35215101972222,-2.352151019722222,matched
2022248N14259-CE01-L072,2022248N14259-CE01,2022248N14259,landfall,2022-09-08 20:21:07.743671+00:00,27.14631971953704,-114.28201547133936,72,2022-09-05 20:21:07.743671+00:00,2022-09-05 18:00:00+00:00,74.35215101972223,-2.352151019722222,matched
2022248N14259-CE01-L096,2022248N14259-CE01,2022248N14259,landfall,2022-09-08 20:21:07.743671+00:00,27.14631971953704,-114.28201547133936,96,2022-09-04 20:21:07.743671+00:00,2022-09-04 18:00:00+00:00,98.35215101972223,-2.352151019722222,matched
2022248N14259-CE01-L120,2022248N14259-CE01,2022248N14259,landfall,2022-09-08 20:21:07.743671+00:00,27.14631971953704,-114.28201547133936,120,2022-09-03 20:21:07.743671+00:00,2022-09-03 18:00:00+00:00,122.35215101972223,-2.352151019722222,matched
2022247N26147-CE01-L024,2022247N26147-CE01,2022247N26147,landfall,2022-09-12 03:08:14.178193+00:00,24.41372887628158,124.09543463225128,24,2022-09-11 03:08:14.178193+00:00,2022-09-11 06:00:00+00:00,21.137271720277777,2.8627282797222224,matched
2022247N26147-CE01-L048,2022247N26147-CE01,2022247N26147,landfall,2022-09-12 03:08:14.178193+00:00,24.41372887628158,124.09543463225128,48,2022-09-10 03:08:14.178193+00:00,2022-09-10 06:00:00+00:00,45.13727172027778,2.8627282797222224,matched
2022247N26147-CE01-L072,2022247N26147-CE01,2022247N26147,landfall,2022-09-12 03:08:14.178193+00:00,24.41372887628158,124.09543463225128,72,2022-09-09 03:08:14.178193+00:00,2022-09-09 06:00:00+00:00,69.13727172027778,2.8627282797222224,matched
2022247N26147-CE01-L096,2022247N26147-CE01,2022247N26147,landfall,2022-09-12 03:08:14.178193+00:00,24.41372887628158,124.09543463225128,96,2022-09-08 03:08:14.178193+00:00,2022-09-08 06:00:00+00:00,93.13727172027778,2.8627282797222224,matched
2022247N26147-CE01-L120,2022247N26147-CE01,2022247N26147,landfall,2022-09-12 03:08:14.178193+00:00,24.41372887628158,124.09543463225128,120,2022-09-07 03:08:14.178193+00:00,2022-09-07 06:00:00+00:00,117.13727172027778,2.8627282797222224,matched
2022246N18301-CE02-L024,2022246N18301-CE02,2022246N18301,coastal_approach,2022-09-12 06:00:00+00:00,44.29999999999999,-52.1,24,2022-09-11 06:00:00+00:00,2022-09-11 06:00:00+00:00,24.0,0.0,matched
2022246N18301-CE02-L048,2022246N18301-CE02,2022246N18301,coastal_approach,2022-09-12 06:00:00+00:00,44.29999999999999,-52.1,48,2022-09-10 06:00:00+00:00,2022-09-10 06:00:00+00:00,48.0,0.0,matched
2022246N18301-CE02-L072,2022246N18301-CE02,2022246N18301,coastal_approach,2022-09-12 06:00:00+00:00,44.29999999999999,-52.1,72,2022-09-09 06:00:00+00:00,2022-09-09 06:00:00+00:00,72.0,0.0,matched
2022246N18301-CE02-L096,2022246N18301-CE02,2022246N18301,coastal_approach,2022-09-12 06:00:00+00:00,44.29999999999999,-52.1,96,2022-09-08 06:00:00+00:00,2022-09-08 06:00:00+00:00,96.0,0.0,matched
2022246N18301-CE02-L120,2022246N18301-CE02,2022246N18301,coastal_approach,2022-09-12 06:00:00+00:00,44.29999999999999,-52.1,120,2022-09-07 06:00:00+00:00,2022-09-07 06:00:00+00:00,120.0,0.0,matched
2022254N24143-CE01-L024,2022254N24143-CE01,2022254N24143,landfall,2022-09-18 08:23:51.200672+00:00,31.179511893685035,130.6,24,2022-09-17 08:23:51.200672+00:00,2022-09-17 06:00:00+00:00,26.397555742222224,-2.3975557422222225,matched
2022254N24143-CE01-L048,2022254N24143-CE01,2022254N24143,landfall,2022-09-18 08:23:51.200672+00:00,31.179511893685035,130.6,48,2022-09-16 08:23:51.200672+00:00,2022-09-16 06:00:00+00:00,50.397555742222224,-2.3975557422222225,matched
2022254N24143-CE01-L072,2022254N24143-CE01,2022254N24143,landfall,2022-09-18 08:23:51.200672+00:00,31.179511893685035,130.6,72,2022-09-15 08:23:51.200672+00:00,2022-09-15 06:00:00+00:00,74.39755574222222,-2.3975557422222225,matched
2022254N24143-CE01-L096,2022254N24143-CE01,2022254N24143,landfall,2022-09-18 08:23:51.200672+00:00,31.179511893685035,130.6,96,2022-09-14 08:23:51.200672+00:00,2022-09-14 06:00:00+00:00,98.39755574222222,-2.3975557422222225,matched
2022254N24143-CE01-L120,2022254N24143-CE01,2022254N24143,landfall,2022-09-18 08:23:51.200672+00:00,31.179511893685035,130.6,120,2022-09-13 08:23:51.200672+00:00,2022-09-13 06:00:00+00:00,122.39755574222222,-2.3975557422222225,matched
2022257N16312-CE01-L024,2022257N16312-CE01,2022257N16312,landfall,2022-09-18 19:08:05.413380+00:00,17.970238854532326,-67.07019711533643,24,2022-09-17 19:08:05.413380+00:00,2022-09-17 18:00:00+00:00,25.134837049999998,-1.13483705,matched
2022257N16312-CE01-L048,2022257N16312-CE01,2022257N16312,landfall,2022-09-18 19:08:05.413380+00:00,17.970238854532326,-67.07019711533643,48,2022-09-16 19:08:05.413380+00:00,2022-09-16 18:00:00+00:00,49.13483705,-1.13483705,matched
2022257N16312-CE01-L072,2022257N16312-CE01,2022257N16312,landfall,2022-09-18 19:08:05.413380+00:00,17.970238854532326,-67.07019711533643,72,2022-09-15 19:08:05.413380+00:00,2022-09-15 18:00:00+00:00,73.13483705,-1.13483705,matched
2022257N16312-CE01-L096,2022257N16312-CE01,2022257N16312,landfall,2022-09-18 19:08:05.413380+00:00,17.970238854532326,-67.07019711533643,96,2022-09-14 19:08:05.413380+00:00,2022-09-14 18:00:00+00:00,97.13483705,-1.13483705,matched
2022257N16312-CE01-L120,2022257N16312-CE01,2022257N16312,landfall,2022-09-18 19:08:05.413380+00:00,17.970238854532326,-67.07019711533643,120,2022-09-13 19:08:05.413380+00:00,2022-09-13 18:00:00+00:00,121.13483705,-1.13483705,matched
2022257N16312-CE02-L024,2022257N16312-CE02,2022257N16312,landfall,2022-09-19 14:16:13.542325+00:00,19.02708847987194,-69.12694401213258,24,2022-09-18 14:16:13.542325+00:00,2022-09-18 12:00:00+00:00,26.27042842361111,-2.2704284236111114,matched
2022257N16312-CE02-L048,2022257N16312-CE02,2022257N16312,landfall,2022-09-19 14:16:13.542325+00:00,19.02708847987194,-69.12694401213258,48,2022-09-17 14:16:13.542325+00:00,2022-09-17 12:00:00+00:00,50.27042842361111,-2.2704284236111114,matched
2022257N16312-CE02-L072,2022257N16312-CE02,2022257N16312,landfall,2022-09-19 14:16:13.542325+00:00,19.02708847987194,-69.12694401213258,72,2022-09-16 14:16:13.542325+00:00,2022-09-16 12:00:00+00:00,74.27042842361111,-2.2704284236111114,matched
2022257N16312-CE02-L096,2022257N16312-CE02,2022257N16312,landfall,2022-09-19 14:16:13.542325+00:00,19.02708847987194,-69.12694401213258,96,2022-09-15 14:16:13.542325+00:00,2022-09-15 12:00:00+00:00,98.27042842361111,-2.2704284236111114,matched
2022257N16312-CE02-L120,2022257N16312-CE02,2022257N16312,landfall,2022-09-19 14:16:13.542325+00:00,19.02708847987194,-69.12694401213258,120,2022-09-14 14:16:13.542325+00:00,2022-09-14 12:00:00+00:00,122.27042842361111,-2.2704284236111114,matched
2022257N16312-CE03-L024,2022257N16312-CE03,2022257N16312,coastal_approach,2022-09-23 09:40:00+00:00,33.52360155294915,-66.09169149337178,24,2022-09-22 09:40:00+00:00,2022-09-22 12:00:00+00:00,21.666666666666668,2.3333333333333335,matched
2022257N16312-CE03-L048,2022257N16312-CE03,2022257N16312,coastal_approach,2022-09-23 09:40:00+00:00,33.52360155294915,-66.09169149337178,48,2022-09-21 09:40:00+00:00,2022-09-21 12:00:00+00:00,45.666666666666664,2.3333333333333335,matched
2022257N16312-CE03-L072,2022257N16312-CE03,2022257N16312,coastal_approach,2022-09-23 09:40:00+00:00,33.52360155294915,-66.09169149337178,72,2022-09-20 09:40:00+00:00,2022-09-20 12:00:00+00:00,69.66666666666667,2.3333333333333335,matched
2022257N16312-CE03-L096,2022257N16312-CE03,2022257N16312,coastal_approach,2022-09-23 09:40:00+00:00,33.52360155294915,-66.09169149337178,96,2022-09-19 09:40:00+00:00,2022-09-19 12:00:00+00:00,93.66666666666667,2.3333333333333335,matched
2022257N16312-CE03-L120,2022257N16312-CE03,2022257N16312,coastal_approach,2022-09-23 09:40:00+00:00,33.52360155294915,-66.09169149337178,120,2022-09-18 09:40:00+00:00,2022-09-18 12:00:00+00:00,117.66666666666667,2.3333333333333335,matched
2022257N16312-CE04-L024,2022257N16312-CE04,2022257N16312,landfall,2022-09-24 07:02:38.502928+00:00,45.21320925880477,-61.2,24,2022-09-23 07:02:38.502928+00:00,2022-09-23 06:00:00+00:00,25.04402859111111,-1.0440285911111111,matched
2022257N16312-CE04-L048,2022257N16312-CE04,2022257N16312,landfall,2022-09-24 07:02:38.502928+00:00,45.21320925880477,-61.2,48,2022-09-22 07:02:38.502928+00:00,2022-09-22 06:00:00+00:00,49.044028591111115,-1.0440285911111111,matched
2022257N16312-CE04-L072,2022257N16312-CE04,2022257N16312,landfall,2022-09-24 07:02:38.502928+00:00,45.21320925880477,-61.2,72,2022-09-21 07:02:38.502928+00:00,2022-09-21 06:00:00+00:00,73.04402859111111,-1.0440285911111111,matched
2022257N16312-CE04-L096,2022257N16312-CE04,2022257N16312,landfall,2022-09-24 07:02:38.502928+00:00,45.21320925880477,-61.2,96,2022-09-20 07:02:38.502928+00:00,2022-09-20 06:00:00+00:00,97.04402859111111,-1.0440285911111111,matched
2022257N16312-CE04-L120,2022257N16312-CE04,2022257N16312,landfall,2022-09-24 07:02:38.502928+00:00,45.21320925880477,-61.2,120,2022-09-19 07:02:38.502928+00:00,2022-09-19 06:00:00+00:00,121.04402859111111,-1.0440285911111111,matched
2022264N17132-CE01-L024,2022264N17132-CE01,2022264N17132,landfall,2022-09-25 11:38:02.712618+00:00,15.18788843317617,121.47321277719672,24,2022-09-24 11:38:02.712618+00:00,2022-09-24 12:00:00+00:00,23.634086838333335,0.36591316166666665,matched
2022264N17132-CE01-L048,2022264N17132-CE01,2022264N17132,landfall,2022-09-25 11:38:02.712618+00:00,15.18788843317617,121.47321277719672,48,2022-09-23 11:38:02.712618+00:00,2022-09-23 12:00:00+00:00,47.63408683833333,0.36591316166666665,matched
2022264N17132-CE01-L072,2022264N17132-CE01,2022264N17132,landfall,2022-09-25 11:38:02.712618+00:00,15.18788843317617,121.47321277719672,72,2022-09-22 11:38:02.712618+00:00,2022-09-22 12:00:00+00:00,71.63408683833333,0.36591316166666665,matched
2022264N17132-CE01-L096,2022264N17132-CE01,2022264N17132,landfall,2022-09-25 11:38:02.712618+00:00,15.18788843317617,121.47321277719672,96,2022-09-21 11:38:02.712618+00:00,2022-09-21 12:00:00+00:00,95.63408683833333,0.36591316166666665,matched
2022264N17132-CE01-L120,2022264N17132-CE01,2022264N17132,landfall,2022-09-25 11:38:02.712618+00:00,15.18788843317617,121.47321277719672,120,2022-09-20 11:38:02.712618+00:00,2022-09-20 12:00:00+00:00,119.63408683833333,0.36591316166666665,matched
2022264N17132-CE02-L024,2022264N17132-CE02,2022264N17132,coastal_approach,2022-09-25 18:00:00+00:00,15.500000000000002,119.9,24,2022-09-24 18:00:00+00:00,2022-09-24 18:00:00+00:00,24.0,0.0,matched
2022264N17132-CE02-L048,2022264N17132-CE02,2022264N17132,coastal_approach,2022-09-25 18:00:00+00:00,15.500000000000002,119.9,48,2022-09-23 18:00:00+00:00,2022-09-23 18:00:00+00:00,48.0,0.0,matched
2022264N17132-CE02-L072,2022264N17132-CE02,2022264N17132,coastal_approach,2022-09-25 18:00:00+00:00,15.500000000000002,119.9,72,2022-09-22 18:00:00+00:00,2022-09-22 18:00:00+00:00,72.0,0.0,matched
2022264N17132-CE02-L096,2022264N17132-CE02,2022264N17132,coastal_approach,2022-09-25 18:00:00+00:00,15.500000000000002,119.9,96,2022-09-21 18:00:00+00:00,2022-09-21 18:00:00+00:00,96.0,0.0,matched
2022264N17132-CE02-L120,2022264N17132-CE02,2022264N17132,coastal_approach,2022-09-25 18:00:00+00:00,15.500000000000002,119.9,120,2022-09-20 18:00:00+00:00,2022-09-20 18:00:00+00:00,120.0,0.0,matched
2022266N12294-CE01-L024,2022266N12294-CE01,2022266N12294,landfall,2022-09-27 08:19:45.669003+00:00,22.1726989674928,-83.69315619845587,24,2022-09-26 08:19:45.669003+00:00,2022-09-26 06:00:00+00:00,26.329352500833334,-2.3293525008333336,matched
2022266N12294-CE01-L048,2022266N12294-CE01,2022266N12294,landfall,2022-09-27 08:19:45.669003+00:00,22.1726989674928,-83.69315619845587,48,2022-09-25 08:19:45.669003+00:00,2022-09-25 06:00:00+00:00,50.32935250083333,-2.3293525008333336,matched
2022266N12294-CE01-L072,2022266N12294-CE01,2022266N12294,landfall,2022-09-27 08:19:45.669003+00:00,22.1726989674928,-83.69315619845587,72,2022-09-24 08:19:45.669003+00:00,2022-09-24 06:00:00+00:00,74.32935250083334,-2.3293525008333336,matched
2022266N12294-CE01-L096,2022266N12294-CE01,2022266N12294,landfall,2022-09-27 08:19:45.669003+00:00,22.1726989674928,-83.69315619845587,96,2022-09-23 08:19:45.669003+00:00,2022-09-23 06:00:00+00:00,98.32935250083334,-2.3293525008333336,matched
2022266N12294-CE01-L120,2022266N12294-CE01,2022266N12294,landfall,2022-09-27 08:19:45.669003+00:00,22.1726989674928,-83.69315619845587,120,2022-09-22 08:19:45.669003+00:00,2022-09-22 06:00:00+00:00,122.32935250083334,-2.3293525008333336,matched
2022264N17132-CE03-L024,2022264N17132-CE03,2022264N17132,landfall,2022-09-27 20:14:55.194191+00:00,15.800107968561184,108.42522244706169,24,2022-09-26 20:14:55.194191+00:00,2022-09-26 18:00:00+00:00,26.248665053055557,-2.2486650530555554,matched
2022264N17132-CE03-L048,2022264N17132-CE03,2022264N17132,landfall,2022-09-27 20:14:55.194191+00:00,15.800107968561184,108.42522244706169,48,2022-09-25 20:14:55.194191+00:00,2022-09-25 18:00:00+00:00,50.248665053055554,-2.2486650530555554,matched
2022264N17132-CE03-L072,2022264N17132-CE03,2022264N17132,landfall,2022-09-27 20:14:55.194191+00:00,15.800107968561184,108.42522244706169,72,2022-09-24 20:14:55.194191+00:00,2022-09-24 18:00:00+00:00,74.24866505305556,-2.2486650530555554,matched
2022264N17132-CE03-L096,2022264N17132-CE03,2022264N17132,landfall,2022-09-27 20:14:55.194191+00:00,15.800107968561184,108.42522244706169,96,2022-09-23 20:14:55.194191+00:00,2022-09-23 18:00:00+00:00,98.24866505305556,-2.2486650530555554,matched
2022264N17132-CE03-L120,2022264N17132-CE03,2022264N17132,landfall,2022-09-27 20:14:55.194191+00:00,15.800107968561184,108.42522244706169,120,2022-09-22 20:14:55.194191+00:00,2022-09-22 18:00:00+00:00,122.24866505305556,-2.2486650530555554,matched
2022266N12294-CE02-L024,2022266N12294-CE02,2022266N12294,landfall,2022-09-29 11:46:45.090075+00:00,28.370569688394763,-80.61477150667038,24,2022-09-28 11:46:45.090075+00:00,2022-09-28 12:00:00+00:00,23.7791916875,0.22080831250000002,matched
2022266N12294-CE02-L048,2022266N12294-CE02,2022266N12294,landfall,2022-09-29 11:46:45.090075+00:00,28.370569688394763,-80.61477150667038,48,2022-09-27 11:46:45.090075+00:00,2022-09-27 12:00:00+00:00,47.779191687499996,0.22080831250000002,matched
2022266N12294-CE02-L072,2022266N12294-CE02,2022266N12294,landfall,2022-09-29 11:46:45.090075+00:00,28.370569688394763,-80.61477150667038,72,2022-09-26 11:46:45.090075+00:00,2022-09-26 12:00:00+00:00,71.7791916875,0.22080831250000002,matched
2022266N12294-CE02-L096,2022266N12294-CE02,2022266N12294,landfall,2022-09-29 11:46:45.090075+00:00,28.370569688394763,-80.61477150667038,96,2022-09-25 11:46:45.090075+00:00,2022-09-25 12:00:00+00:00,95.7791916875,0.22080831250000002,matched
2022266N12294-CE02-L120,2022266N12294-CE02,2022266N12294,landfall,2022-09-29 11:46:45.090075+00:00,28.370569688394763,-80.61477150667038,120,2022-09-24 11:46:45.090075+00:00,2022-09-24 12:00:00+00:00,119.7791916875,0.22080831250000002,matched
2022272N14258-CE01-L024,2022272N14258-CE01,2022272N14258,landfall,2022-10-03 05:22:05.227941+00:00,21.59469394753364,-106.6211195577918,24,2022-10-02 05:22:05.227941+00:00,2022-10-02 06:00:00+00:00,23.368118872500002,0.6318811274999999,matched
2022272N14258-CE01-L048,2022272N14258-CE01,2022272N14258,landfall,2022-10-03 05:22:05.227941+00:00,21.59469394753364,-106.6211195577918,48,2022-10-01 05:22:05.227941+00:00,2022-10-01 06:00:00+00:00,47.3681188725,0.6318811274999999,matched
2022272N14258-CE01-L072,2022272N14258-CE01,2022272N14258,landfall,2022-10-03 05:22:05.227941+00:00,21.59469394753364,-106.6211195577918,72,2022-09-30 05:22:05.227941+00:00,2022-09-30 06:00:00+00:00,71.36811887249999,0.6318811274999999,matched
2022272N14258-CE01-L096,2022272N14258-CE01,2022272N14258,landfall,2022-10-03 05:22:05.227941+00:00,21.59469394753364,-106.6211195577918,96,2022-09-29 05:22:05.227941+00:00,2022-09-29 06:00:00+00:00,95.3681188725,0.6318811274999999,matched
2022272N14258-CE01-L120,2022272N14258-CE01,2022272N14258,landfall,2022-10-03 05:22:05.227941+00:00,21.59469394753364,-106.6211195577918,120,2022-09-28 05:22:05.227941+00:00,2022-09-28 06:00:00+00:00,119.3681188725,0.6318811274999999,matched
2022280N11294-CE01-L024,2022280N11294-CE01,2022280N11294,landfall,2022-10-09 06:47:54.174843+00:00,12.400038255018789,-83.49161166025321,24,2022-10-08 06:47:54.174843+00:00,2022-10-08 06:00:00+00:00,24.798381900833334,-0.7983819008333333,matched
2022280N11294-CE01-L048,2022280N11294-CE01,2022280N11294,landfall,2022-10-09 06:47:54.174843+00:00,12.400038255018789,-83.49161166025321,48,2022-10-07 06:47:54.174843+00:00,2022-10-07 06:00:00+00:00,48.79838190083333,-0.7983819008333333,matched
2022280N11294-CE01-L072,2022280N11294-CE01,2022280N11294,landfall,2022-10-09 06:47:54.174843+00:00,12.400038255018789,-83.49161166025321,72,2022-10-06 06:47:54.174843+00:00,2022-10-06 06:00:00+00:00,72.79838190083333,-0.7983819008333333,matched
2022280N11294-CE01-L096,2022280N11294-CE01,2022280N11294,landfall,2022-10-09 06:47:54.174843+00:00,12.400038255018789,-83.49161166025321,96,2022-10-05 06:47:54.174843+00:00,2022-10-05 06:00:00+00:00,96.79838190083333,-0.7983819008333333,matched
2022280N11294-CE01-L120,2022280N11294-CE01,2022280N11294,landfall,2022-10-09 06:47:54.174843+00:00,12.400038255018789,-83.49161166025321,120,2022-10-04 06:47:54.174843+00:00,2022-10-04 06:00:00+00:00,120.79838190083333,-0.7983819008333333,matched
2022285N17140-CE01-L024,2022285N17140-CE01,2022285N17140,coastal_approach,2022-10-15 21:30:00+00:00,19.216761551702536,121.51670877221956,24,2022-10-14 21:30:00+00:00,2022-10-15 00:00:00+00:00,21.5,2.5,matched
2022285N17140-CE01-L048,2022285N17140-CE01,2022285N17140,coastal_approach,2022-10-15 21:30:00+00:00,19.216761551702536,121.51670877221956,48,2022-10-13 21:30:00+00:00,2022-10-14 00:00:00+00:00,45.5,2.5,matched
2022285N17140-CE01-L072,2022285N17140-CE01,2022285N17140,coastal_approach,2022-10-15 21:30:00+00:00,19.216761551702536,121.51670877221956,72,2022-10-12 21:30:00+00:00,2022-10-13 00:00:00+00:00,69.5,2.5,matched
2022285N17140-CE01-L096,2022285N17140-CE01,2022285N17140,coastal_approach,2022-10-15 21:30:00+00:00,19.216761551702536,121.51670877221956,96,2022-10-11 21:30:00+00:00,2022-10-12 00:00:00+00:00,93.5,2.5,matched
2022285N17140-CE01-L120,2022285N17140-CE01,2022285N17140,coastal_approach,2022-10-15 21:30:00+00:00,19.216761551702536,121.51670877221956,120,2022-10-10 21:30:00+00:00,2022-10-11 00:00:00+00:00,117.5,2.5,matched
2022285N17140-CE02-L024,2022285N17140-CE02,2022285N17140,coastal_approach,2022-10-18 15:00:00+00:00,17.400000000000002,112.1,24,2022-10-17 15:00:00+00:00,2022-10-17 12:00:00+00:00,27.0,-3.0,matched
2022285N17140-CE02-L048,2022285N17140-CE02,2022285N17140,coastal_approach,2022-10-18 15:00:00+00:00,17.400000000000002,112.1,48,2022-10-16 15:00:00+00:00,2022-10-16 12:00:00+00:00,51.0,-3.0,matched
2022285N17140-CE02-L072,2022285N17140-CE02,2022285N17140,coastal_approach,2022-10-18 15:00:00+00:00,17.400000000000002,112.1,72,2022-10-15 15:00:00+00:00,2022-10-15 12:00:00+00:00,75.0,-3.0,matched
2022285N17140-CE02-L096,2022285N17140-CE02,2022285N17140,coastal_approach,2022-10-18 15:00:00+00:00,17.400000000000002,112.1,96,2022-10-14 15:00:00+00:00,2022-10-14 12:00:00+00:00,99.0,-3.0,matched
2022285N17140-CE02-L120,2022285N17140-CE02,2022285N17140,coastal_approach,2022-10-18 15:00:00+00:00,17.400000000000002,112.1,120,2022-10-13 15:00:00+00:00,2022-10-13 12:00:00+00:00,123.0,-3.0,matched
2022293N15259-CE01-L024,2022293N15259-CE01,2022293N15259,landfall,2022-10-23 11:21:56.646017+00:00,21.909722020977437,-105.59514622085166,24,2022-10-22 11:21:56.646017+00:00,2022-10-22 12:00:00+00:00,23.365735004722225,0.6342649952777778,matched
2022293N15259-CE01-L048,2022293N15259-CE01,2022293N15259,landfall,2022-10-23 11:21:56.646017+00:00,21.909722020977437,-105.59514622085166,48,2022-10-21 11:21:56.646017+00:00,2022-10-21 12:00:00+00:00,47.36573500472222,0.6342649952777778,matched
2022293N15259-CE01-L072,2022293N15259-CE01,2022293N15259,landfall,2022-10-23 11:21:56.646017+00:00,21.909722020977437,-105.59514622085166,72,2022-10-20 11:21:56.646017+00:00,2022-10-20 12:00:00+00:00,71.36573500472223,0.6342649952777778,matched
2022293N15259-CE01-L096,2022293N15259-CE01,2022293N15259,landfall,2022-10-23 11:21:56.646017+00:00,21.909722020977437,-105.59514622085166,96,2022-10-19 11:21:56.646017+00:00,2022-10-19 12:00:00+00:00,95.36573500472223,0.6342649952777778,matched
2022293N15259-CE01-L120,2022293N15259-CE01,2022293N15259,landfall,2022-10-23 11:21:56.646017+00:00,21.909722020977437,-105.59514622085166,120,2022-10-18 11:21:56.646017+00:00,2022-10-18 12:00:00+00:00,119.36573500472223,0.6342649952777778,matched
2022304N16287-CE01-L024,2022304N16287-CE01,2022304N16287,landfall,2022-11-02 18:36:22.642462+00:00,17.320310412981698,-87.80100454311736,24,2022-11-01 18:36:22.642462+00:00,2022-11-01 18:00:00+00:00,24.60628957277778,-0.6062895727777777,matched
2022304N16287-CE01-L048,2022304N16287-CE01,2022304N16287,landfall,2022-11-02 18:36:22.642462+00:00,17.320310412981698,-87.80100454311736,48,2022-10-31 18:36:22.642462+00:00,2022-10-31 18:00:00+00:00,48.606289572777776,-0.6062895727777777,matched
2022304N16287-CE01-L072,2022304N16287-CE01,2022304N16287,landfall,2022-11-02 18:36:22.642462+00:00,17.320310412981698,-87.80100454311736,72,2022-10-30 18:36:22.642462+00:00,2022-10-30 18:00:00+00:00,72.60628957277777,-0.6062895727777777,matched
2022304N16287-CE01-L096,2022304N16287-CE01,2022304N16287,landfall,2022-11-02 18:36:22.642462+00:00,17.320310412981698,-87.80100454311736,96,2022-10-29 18:36:22.642462+00:00,2022-10-29 18:00:00+00:00,96.60628957277778,-0.6062895727777777,matched
2022304N16287-CE01-L120,2022304N16287-CE01,2022304N16287,landfall,2022-11-02 18:36:22.642462+00:00,17.320310412981698,-87.80100454311736,120,2022-10-28 18:36:22.642462+00:00,2022-10-28 18:00:00+00:00,120.60628957277778,-0.6062895727777777,matched
2022299N11134-CE01-L024,2022299N11134-CE01,2022299N11134,landfall,2022-11-02 21:42:18.007642+00:00,22.100049503062653,113.52949980620144,24,2022-11-01 21:42:18.007642+00:00,2022-11-02 00:00:00+00:00,21.705002122777778,2.294997877222222,matched
2022299N11134-CE01-L048,2022299N11134-CE01,2022299N11134,landfall,2022-11-02 21:42:18.007642+00:00,22.100049503062653,113.52949980620144,48,2022-10-31 21:42:18.007642+00:00,2022-11-01 00:00:00+00:00,45.70500212277778,2.294997877222222,matched
2022299N11134-CE01-L072,2022299N11134-CE01,2022299N11134,landfall,2022-11-02 21:42:18.007642+00:00,22.100049503062653,113.52949980620144,72,2022-10-30 21:42:18.007642+00:00,2022-10-31 00:00:00+00:00,69.70500212277778,2.294997877222222,matched
2022299N11134-CE01-L096,2022299N11134-CE01,2022299N11134,landfall,2022-11-02 21:42:18.007642+00:00,22.100049503062653,113.52949980620144,96,2022-10-29 21:42:18.007642+00:00,2022-10-30 00:00:00+00:00,93.70500212277777,2.294997877222222,matched
2022299N11134-CE01-L120,2022299N11134-CE01,2022299N11134,landfall,2022-11-02 21:42:18.007642+00:00,22.100049503062653,113.52949980620144,120,2022-10-28 21:42:18.007642+00:00,2022-10-29 00:00:00+00:00,117.70500212277777,2.294997877222222,matched
2022311N21293-CE01-L024,2022311N21293-CE01,2022311N21293,landfall,2022-11-09 16:42:12.523458+00:00,26.500070787701887,-77.0406958051704,24,2022-11-08 16:42:12.523458+00:00,2022-11-08 18:00:00+00:00,22.70347873833333,1.2965212616666668,matched
2022311N21293-CE01-L048,2022311N21293-CE01,2022311N21293,landfall,2022-11-09 16:42:12.523458+00:00,26.500070787701887,-77.0406958051704,48,2022-11-07 16:42:12.523458+00:00,2022-11-07 18:00:00+00:00,46.70347873833334,1.2965212616666668,matched
2022311N21293-CE01-L072,2022311N21293-CE01,2022311N21293,landfall,2022-11-09 16:42:12.523458+00:00,26.500070787701887,-77.0406958051704,72,2022-11-06 16:42:12.523458+00:00,2022-11-06 18:00:00+00:00,70.70347873833333,1.2965212616666668,matched
2022311N21293-CE01-L096,2022311N21293-CE01,2022311N21293,landfall,2022-11-09 16:42:12.523458+00:00,26.500070787701887,-77.0406958051704,96,2022-11-05 16:42:12.523458+00:00,2022-11-05 18:00:00+00:00,94.70347873833333,1.2965212616666668,matched
2022311N21293-CE01-L120,2022311N21293-CE01,2022311N21293,landfall,2022-11-09 16:42:12.523458+00:00,26.500070787701887,-77.0406958051704,120,2022-11-04 16:42:12.523458+00:00,2022-11-04 18:00:00+00:00,118.70347873833333,1.2965212616666668,matched
2023036S12163-CE02-L024,2023036S12163-CE02,2023036S12163,coastal_approach,2023-02-11 10:52:30+00:00,-29.187930433750044,167.9370232141685,24,2023-02-10 10:52:30+00:00,2023-02-10 12:00:00+00:00,22.875,1.125,matched
2023036S12163-CE02-L048,2023036S12163-CE02,2023036S12163,coastal_approach,2023-02-11 10:52:30+00:00,-29.187930433750044,167.9370232141685,48,2023-02-09 10:52:30+00:00,2023-02-09 12:00:00+00:00,46.875,1.125,matched
2023036S12163-CE02-L072,2023036S12163-CE02,2023036S12163,coastal_approach,2023-02-11 10:52:30+00:00,-29.187930433750044,167.9370232141685,72,2023-02-08 10:52:30+00:00,2023-02-08 12:00:00+00:00,70.875,1.125,matched
2023036S12163-CE02-L096,2023036S12163-CE02,2023036S12163,coastal_approach,2023-02-11 10:52:30+00:00,-29.187930433750044,167.9370232141685,96,2023-02-07 10:52:30+00:00,2023-02-07 12:00:00+00:00,94.875,1.125,matched
2023036S12163-CE02-L120,2023036S12163-CE02,2023036S12163,coastal_approach,2023-02-11 10:52:30+00:00,-29.187930433750044,167.9370232141685,120,2023-02-06 10:52:30+00:00,2023-02-06 12:00:00+00:00,118.875,1.125,matched
2023036S12117-CE02-L024,2023036S12117-CE02,2023036S12117,landfall,2023-02-21 16:12:04.271100+00:00,-20.98033337200677,48.45995458992495,24,2023-02-20 16:12:04.271100+00:00,2023-02-20 18:00:00+00:00,22.201186416666665,1.7988135833333334,matched
2023036S12117-CE02-L048,2023036S12117-CE02,2023036S12117,landfall,2023-02-21 16:12:04.271100+00:00,-20.98033337200677,48.45995458992495,48,2023-02-19 16:12:04.271100+00:00,2023-02-19 18:00:00+00:00,46.20118641666667,1.7988135833333334,matched
2023036S12117-CE02-L072,2023036S12117-CE02,2023036S12117,landfall,2023-02-21 16:12:04.271100+00:00,-20.98033337200677,48.45995458992495,72,2023-02-18 16:12:04.271100+00:00,2023-02-18 18:00:00+00:00,70.20118641666667,1.7988135833333334,matched
2023036S12117-CE02-L096,2023036S12117-CE02,2023036S12117,landfall,2023-02-21 16:12:04.271100+00:00,-20.98033337200677,48.45995458992495,96,2023-02-17 16:12:04.271100+00:00,2023-02-17 18:00:00+00:00,94.20118641666667,1.7988135833333334,matched
2023036S12117-CE02-L120,2023036S12117-CE02,2023036S12117,landfall,2023-02-21 16:12:04.271100+00:00,-20.98033337200677,48.45995458992495,120,2023-02-16 16:12:04.271100+00:00,2023-02-16 18:00:00+00:00,118.20118641666667,1.7988135833333334,matched
2023036S12117-CE03-L024,2023036S12117-CE03,2023036S12117,landfall,2023-02-24 11:36:05.227781+00:00,-22.400032060698024,35.539854766994694,24,2023-02-23 11:36:05.227781+00:00,2023-02-23 12:00:00+00:00,23.601452161388888,0.3985478386111111,matched
2023036S12117-CE03-L048,2023036S12117-CE03,2023036S12117,landfall,2023-02-24 11:36:05.227781+00:00,-22.400032060698024,35.539854766994694,48,2023-02-22 11:36:05.227781+00:00,2023-02-22 12:00:00+00:00,47.601452161388885,0.3985478386111111,matched
2023036S12117-CE03-L072,2023036S12117-CE03,2023036S12117,landfall,2023-02-24 11:36:05.227781+00:00,-22.400032060698024,35.539854766994694,72,2023-02-21 11:36:05.227781+00:00,2023-02-21 12:00:00+00:00,71.60145216138889,0.3985478386111111,matched
2023036S12117-CE03-L096,2023036S12117-CE03,2023036S12117,landfall,2023-02-24 11:36:05.227781+00:00,-22.400032060698024,35.539854766994694,96,2023-02-20 11:36:05.227781+00:00,2023-02-20 12:00:00+00:00,95.60145216138889,0.3985478386111111,matched
2023036S12117-CE03-L120,2023036S12117-CE03,2023036S12117,landfall,2023-02-24 11:36:05.227781+00:00,-22.400032060698024,35.539854766994694,120,2023-02-19 11:36:05.227781+00:00,2023-02-19 12:00:00+00:00,119.60145216138889,0.3985478386111111,matched
2023055S14184-CE01-L024,2023055S14184-CE01,2023055S14184,landfall,2023-02-28 09:54:35.875633+00:00,-15.18199647787202,168.2,24,2023-02-27 09:54:35.875633+00:00,2023-02-27 12:00:00+00:00,21.90996545361111,2.090034546388889,matched
2023055S14184-CE01-L048,2023055S14184-CE01,2023055S14184,landfall,2023-02-28 09:54:35.875633+00:00,-15.18199647787202,168.2,48,2023-02-26 09:54:35.875633+00:00,2023-02-26 12:00:00+00:00,45.90996545361111,2.090034546388889,matched
2023055S14184-CE01-L072,2023055S14184-CE01,2023055S14184,landfall,2023-02-28 09:54:35.875633+00:00,-15.18199647787202,168.2,72,2023-02-25 09:54:35.875633+00:00,2023-02-25 12:00:00+00:00,69.90996545361111,2.090034546388889,matched
2023055S14184-CE01-L096,2023055S14184-CE01,2023055S14184,landfall,2023-02-28 09:54:35.875633+00:00,-15.18199647787202,168.2,96,2023-02-24 09:54:35.875633+00:00,2023-02-24 12:00:00+00:00,93.90996545361111,2.090034546388889,matched
2023055S14184-CE01-L120,2023055S14184-CE01,2023055S14184,landfall,2023-02-28 09:54:35.875633+00:00,-15.18199647787202,168.2,120,2023-02-23 09:54:35.875633+00:00,2023-02-23 12:00:00+00:00,117.90996545361111,2.090034546388889,matched
2023059S15149-CE01-L024,2023059S15149-CE01,2023059S15149,landfall,2023-03-03 13:26:30.178040+00:00,-18.840530545611863,168.98789976326276,24,2023-03-02 13:26:30.178040+00:00,2023-03-02 12:00:00+00:00,25.44171612222222,-1.4417161222222221,matched
2023059S15149-CE01-L048,2023059S15149-CE01,2023059S15149,landfall,2023-03-03 13:26:30.178040+00:00,-18.840530545611863,168.98789976326276,48,2023-03-01 13:26:30.178040+00:00,2023-03-01 12:00:00+00:00,49.441716122222225,-1.4417161222222221,matched
2023059S15149-CE01-L072,2023059S15149-CE01,2023059S15149,landfall,2023-03-03 13:26:30.178040+00:00,-18.840530545611863,168.98789976326276,72,2023-02-28 13:26:30.178040+00:00,2023-02-28 12:00:00+00:00,73.44171612222223,-1.4417161222222221,matched
2023059S15149-CE01-L096,2023059S15149-CE01,2023059S15149,landfall,2023-03-03 13:26:30.178040+00:00,-18.840530545611863,168.98789976326276,96,2023-02-27 13:26:30.178040+00:00,2023-02-27 12:00:00+00:00,97.44171612222223,-1.4417161222222221,matched
2023059S15149-CE01-L120,2023059S15149-CE01,2023059S15149,landfall,2023-03-03 13:26:30.178040+00:00,-18.840530545611863,168.98789976326276,120,2023-02-26 13:26:30.178040+00:00,2023-02-26 12:00:00+00:00,121.44171612222223,-1.4417161222222221,matched
2023036S12117-CE05-L024,2023036S12117-CE05,2023036S12117,coastal_approach,2023-03-08 02:24:00+00:00,-21.96004477261772,40.75989896364822,24,2023-03-07 02:24:00+00:00,2023-03-07 00:00:00+00:00,26.4,-2.4,matched
2023036S12117-CE05-L048,2023036S12117-CE05,2023036S12117,coastal_approach,2023-03-08 02:24:00+00:00,-21.96004477261772,40.75989896364822,48,2023-03-06 02:24:00+00:00,2023-03-06 00:00:00+00:00,50.4,-2.4,matched
2023036S12117-CE05-L072,2023036S12117-CE05,2023036S12117,coastal_approach,2023-03-08 02:24:00+00:00,-21.96004477261772,40.75989896364822,72,2023-03-05 02:24:00+00:00,2023-03-05 00:00:00+00:00,74.4,-2.4,matched
2023036S12117-CE05-L096,2023036S12117-CE05,2023036S12117,coastal_approach,2023-03-08 02:24:00+00:00,-21.96004477261772,40.75989896364822,96,2023-03-04 02:24:00+00:00,2023-03-04 00:00:00+00:00,98.4,-2.4,matched
2023036S12117-CE05-L120,2023036S12117-CE05,2023036S12117,coastal_approach,2023-03-08 02:24:00+00:00,-21.96004477261772,40.75989896364822,120,2023-03-03 02:24:00+00:00,2023-03-03 00:00:00+00:00,122.4,-2.4,matched
2023036S12117-CE06-L024,2023036S12117-CE06,2023036S12117,landfall,2023-03-11 18:17:15.627884+00:00,-17.780830718028394,37.18080247284273,24,2023-03-10 18:17:15.627884+00:00,2023-03-10 18:00:00+00:00,24.287674412222223,-0.28767441222222223,matched
2023036S12117-CE06-L048,2023036S12117-CE06,2023036S12117,landfall,2023-03-11 18:17:15.627884+00:00,-17.780830718028394,37.18080247284273,48,2023-03-09 18:17:15.627884+00:00,2023-03-09 18:00:00+00:00,48.287674412222216,-0.28767441222222223,matched
2023036S12117-CE06-L072,2023036S12117-CE06,2023036S12117,landfall,2023-03-11 18:17:15.627884+00:00,-17.780830718028394,37.18080247284273,72,2023-03-08 18:17:15.627884+00:00,2023-03-08 18:00:00+00:00,72.28767441222222,-0.28767441222222223,matched
2023036S12117-CE06-L096,2023036S12117-CE06,2023036S12117,landfall,2023-03-11 18:17:15.627884+00:00,-17.780830718028394,37.18080247284273,96,2023-03-07 18:17:15.627884+00:00,2023-03-07 18:00:00+00:00,96.28767441222223,-0.28767441222222223,matched
2023036S12117-CE06-L120,2023036S12117-CE06,2023036S12117,landfall,2023-03-11 18:17:15.627884+00:00,-17.780830718028394,37.18080247284273,120,2023-03-06 18:17:15.627884+00:00,2023-03-06 18:00:00+00:00,120.28767441222223,-0.28767441222222223,matched
2023096S07135-CE01-L024,2023096S07135-CE01,2023096S07135,landfall,2023-04-13 15:53:46.197017+00:00,-20.079236007683807,119.58960481110884,24,2023-04-12 15:53:46.197017+00:00,2023-04-12 18:00:00+00:00,21.896165838055555,2.1038341619444445,matched
2023096S07135-CE01-L048,2023096S07135-CE01,2023096S07135,landfall,2023-04-13 15:53:46.197017+00:00,-20.079236007683807,119.58960481110884,48,2023-04-11 15:53:46.197017+00:00,2023-04-11 18:00:00+00:00,45.89616583805555,2.1038341619444445,matched
2023096S07135-CE01-L072,2023096S07135-CE01,2023096S07135,landfall,2023-04-13 15:53:46.197017+00:00,-20.079236007683807,119.58960481110884,72,2023-04-10 15:53:46.197017+00:00,2023-04-10 18:00:00+00:00,69.89616583805555,2.1038341619444445,matched
2023096S07135-CE01-L096,2023096S07135-CE01,2023096S07135,landfall,2023-04-13 15:53:46.197017+00:00,-20.079236007683807,119.58960481110884,96,2023-04-09 15:53:46.197017+00:00,2023-04-09 18:00:00+00:00,93.89616583805555,2.1038341619444445,matched
2023096S07135-CE01-L120,2023096S07135-CE01,2023096S07135,landfall,2023-04-13 15:53:46.197017+00:00,-20.079236007683807,119.58960481110884,120,2023-04-08 15:53:46.197017+00:00,2023-04-08 18:00:00+00:00,117.89616583805555,2.1038341619444445,matched
2023129N08091-CE01-L024,2023129N08091-CE01,2023129N08091,landfall,2023-05-14 07:45:05.342700+00:00,20.19197959909421,92.77491616522607,24,2023-05-13 07:45:05.342700+00:00,2023-05-13 06:00:00+00:00,25.75148408333333,-1.7514840833333334,matched
2023129N08091-CE01-L048,2023129N08091-CE01,2023129N08091,landfall,2023-05-14 07:45:05.342700+00:00,20.19197959909421,92.77491616522607,48,2023-05-12 07:45:05.342700+00:00,2023-05-12 06:00:00+00:00,49.75148408333334,-1.7514840833333334,matched
2023129N08091-CE01-L072,2023129N08091-CE01,2023129N08091,landfall,2023-05-14 07:45:05.342700+00:00,20.19197959909421,92.77491616522607,72,2023-05-11 07:45:05.342700+00:00,2023-05-11 06:00:00+00:00,73.75148408333332,-1.7514840833333334,matched
2023129N08091-CE01-L096,2023129N08091-CE01,2023129N08091,landfall,2023-05-14 07:45:05.342700+00:00,20.19197959909421,92.77491616522607,96,2023-05-10 07:45:05.342700+00:00,2023-05-10 06:00:00+00:00,97.75148408333332,-1.7514840833333334,matched
2023129N08091-CE01-L120,2023129N08091-CE01,2023129N08091,landfall,2023-05-14 07:45:05.342700+00:00,20.19197959909421,92.77491616522607,120,2023-05-09 07:45:05.342700+00:00,2023-05-09 06:00:00+00:00,121.75148408333332,-1.7514840833333334,matched
2023138N05151-CE03-L024,2023138N05151-CE03,2023138N05151,coastal_approach,2023-05-24 09:45:00+00:00,13.725034267285071,144.92502386200894,24,2023-05-23 09:45:00+00:00,2023-05-23 12:00:00+00:00,21.75,2.25,matched
2023138N05151-CE03-L048,2023138N05151-CE03,2023138N05151,coastal_approach,2023-05-24 09:45:00+00:00,13.725034267285071,144.92502386200894,48,2023-05-22 09:45:00+00:00,2023-05-22 12:00:00+00:00,45.75,2.25,matched
2023138N05151-CE03-L072,2023138N05151-CE03,2023138N05151,coastal_approach,2023-05-24 09:45:00+00:00,13.725034267285071,144.92502386200894,72,2023-05-21 09:45:00+00:00,2023-05-21 12:00:00+00:00,69.75,2.25,matched
2023138N05151-CE03-L096,2023138N05151-CE03,2023138N05151,coastal_approach,2023-05-24 09:45:00+00:00,13.725034267285071,144.92502386200894,96,2023-05-20 09:45:00+00:00,2023-05-20 12:00:00+00:00,93.75,2.25,matched
2023138N05151-CE03-L120,2023138N05151-CE03,2023138N05151,coastal_approach,2023-05-24 09:45:00+00:00,13.725034267285071,144.92502386200894,120,2023-05-19 09:45:00+00:00,2023-05-19 12:00:00+00:00,117.75,2.25,matched
2023138N05151-CE06-L024,2023138N05151-CE06,2023138N05151,landfall,2023-06-01 15:43:25.660619+00:00,26.420795770331534,127.72023638991584,24,2023-05-31 15:43:25.660619+00:00,2023-05-31 18:00:00+00:00,21.72379461638889,2.276205383611111,matched
2023138N05151-CE06-L048,2023138N05151-CE06,2023138N05151,landfall,2023-06-01 15:43:25.660619+00:00,26.420795770331534,127.72023638991584,48,2023-05-30 15:43:25.660619+00:00,2023-05-30 18:00:00+00:00,45.723794616388886,2.276205383611111,matched
2023138N05151-CE06-L072,2023138N05151-CE06,2023138N05151,landfall,2023-06-01 15:43:25.660619+00:00,26.420795770331534,127.72023638991584,72,2023-05-29 15:43:25.660619+00:00,2023-05-29 18:00:00+00:00,69.72379461638889,2.276205383611111,matched
2023138N05151-CE06-L096,2023138N05151-CE06,2023138N05151,landfall,2023-06-01 15:43:25.660619+00:00,26.420795770331534,127.72023638991584,96,2023-05-28 15:43:25.660619+00:00,2023-05-28 18:00:00+00:00,93.72379461638889,2.276205383611111,matched
2023138N05151-CE06-L120,2023138N05151-CE06,2023138N05151,landfall,2023-06-01 15:43:25.660619+00:00,26.420795770331534,127.72023638991584,120,2023-05-27 15:43:25.660619+00:00,2023-05-27 18:00:00+00:00,117.72379461638889,2.276205383611111,matched
2023156N12135-CE01-L024,2023156N12135-CE01,2023156N12135,coastal_approach,2023-06-11 04:00:00+00:00,23.800185408211853,132.1661549207511,24,2023-06-10 04:00:00+00:00,2023-06-10 06:00:00+00:00,22.0,2.0,matched
2023156N12135-CE01-L048,2023156N12135-CE01,2023156N12135,coastal_approach,2023-06-11 04:00:00+00:00,23.800185408211853,132.1661549207511,48,2023-06-09 04:00:00+00:00,2023-06-09 06:00:00+00:00,46.0,2.0,matched
2023156N12135-CE01-L072,2023156N12135-CE01,2023156N12135,coastal_approach,2023-06-11 04:00:00+00:00,23.800185408211853,132.1661549207511,72,2023-06-08 04:00:00+00:00,2023-06-08 06:00:00+00:00,70.0,2.0,matched
2023156N12135-CE01-L096,2023156N12135-CE01,2023156N12135,coastal_approach,2023-06-11 04:00:00+00:00,23.800185408211853,132.1661549207511,96,2023-06-07 04:00:00+00:00,2023-06-07 06:00:00+00:00,94.0,2.0,matched
2023156N12135-CE01-L120,2023156N12135-CE01,2023156N12135,coastal_approach,2023-06-11 04:00:00+00:00,23.800185408211853,132.1661549207511,120,2023-06-06 04:00:00+00:00,2023-06-06 06:00:00+00:00,118.0,2.0,matched
2023180N13264-CE01-L024,2023180N13264-CE01,2023180N13264,landfall,2023-07-01 05:30:57.408755+00:00,19.135519446909328,-104.5353298791894,24,2023-06-30 05:30:57.408755+00:00,2023-06-30 06:00:00+00:00,23.515946876388888,0.48405312361111114,matched
2023180N13264-CE01-L048,2023180N13264-CE01,2023180N13264,landfall,2023-07-01 05:30:57.408755+00:00,19.135519446909328,-104.5353298791894,48,2023-06-29 05:30:57.408755+00:00,2023-06-29 06:00:00+00:00,47.515946876388895,0.48405312361111114,matched
2023180N13264-CE01-L072,2023180N13264-CE01,2023180N13264,landfall,2023-07-01 05:30:57.408755+00:00,19.135519446909328,-104.5353298791894,72,2023-06-28 05:30:57.408755+00:00,2023-06-28 06:00:00+00:00,71.5159468763889,0.48405312361111114,matched
2023180N13264-CE01-L096,2023180N13264-CE01,2023180N13264,landfall,2023-07-01 05:30:57.408755+00:00,19.135519446909328,-104.5353298791894,96,2023-06-27 05:30:57.408755+00:00,2023-06-27 06:00:00+00:00,95.51594687638888,0.48405312361111114,matched
2023180N13264-CE01-L120,2023180N13264-CE01,2023180N13264,landfall,2023-07-01 05:30:57.408755+00:00,19.135519446909328,-104.5353298791894,120,2023-06-26 05:30:57.408755+00:00,2023-06-26 06:00:00+00:00,119.51594687638888,0.48405312361111114,matched
2023179N15256-CE01-L024,2023179N15256-CE01,2023179N15256,coastal_approach,2023-07-01 17:15:00+00:00,18.450020139068773,-114.64995667145854,24,2023-06-30 17:15:00+00:00,2023-06-30 18:00:00+00:00,23.25,0.75,matched
2023179N15256-CE01-L048,2023179N15256-CE01,2023179N15256,coastal_approach,2023-07-01 17:15:00+00:00,18.450020139068773,-114.64995667145854,48,2023-06-29 17:15:00+00:00,2023-06-29 18:00:00+00:00,47.25,0.75,matched
2023179N15256-CE01-L072,2023179N15256-CE01,2023179N15256,coastal_approach,2023-07-01 17:15:00+00:00,18.450020139068773,-114.64995667145854,72,2023-06-28 17:15:00+00:00,2023-06-28 18:00:00+00:00,71.25,0.75,matched
2023179N15256-CE01-L096,2023179N15256-CE01,2023179N15256,coastal_approach,2023-07-01 17:15:00+00:00,18.450020139068773,-114.64995667145854,96,2023-06-27 17:15:00+00:00,2023-06-27 18:00:00+00:00,95.25,0.75,matched
2023179N15256-CE01-L120,2023179N15256-CE01,2023179N15256,coastal_approach,2023-07-01 17:15:00+00:00,18.450020139068773,-114.64995667145854,120,2023-06-26 17:15:00+00:00,2023-06-26 18:00:00+00:00,119.25,0.75,matched
2023194N16123-CE01-L024,2023194N16123-CE01,2023194N16123,landfall,2023-07-17 13:58:44.226362+00:00,21.2002391962397,110.50420954373018,24,2023-07-16 13:58:44.226362+00:00,2023-07-16 12:00:00+00:00,25.978951767222224,-1.9789517672222223,matched
2023194N16123-CE01-L048,2023194N16123-CE01,2023194N16123,landfall,2023-07-17 13:58:44.226362+00:00,21.2002391962397,110.50420954373018,48,2023-07-15 13:58:44.226362+00:00,2023-07-15 12:00:00+00:00,49.97895176722222,-1.9789517672222223,matched
2023194N16123-CE01-L072,2023194N16123-CE01,2023194N16123,landfall,2023-07-17 13:58:44.226362+00:00,21.2002391962397,110.50420954373018,72,2023-07-14 13:58:44.226362+00:00,2023-07-14 12:00:00+00:00,73.97895176722221,-1.9789517672222223,matched
2023194N16123-CE01-L096,2023194N16123-CE01,2023194N16123,landfall,2023-07-17 13:58:44.226362+00:00,21.2002391962397,110.50420954373018,96,2023-07-13 13:58:44.226362+00:00,2023-07-13 12:00:00+00:00,97.97895176722221,-1.9789517672222223,matched
2023194N16123-CE01-L120,2023194N16123-CE01,2023194N16123,landfall,2023-07-17 13:58:44.226362+00:00,21.2002391962397,110.50420954373018,120,2023-07-12 13:58:44.226362+00:00,2023-07-12 12:00:00+00:00,121.97895176722221,-1.9789517672222223,matched
2023201N13134-CE02-L024,2023201N13134-CE02,2023201N13134,landfall,2023-07-25 15:55:23.591147+00:00,19.00014393427472,121.94613009457116,24,2023-07-24 15:55:23.591147+00:00,2023-07-24 18:00:00+00:00,21.923219763055556,2.0767802369444444,matched
2023201N13134-CE02-L048,2023201N13134-CE02,2023201N13134,landfall,2023-07-25 15:55:23.591147+00:00,19.00014393427472,121.94613009457116,48,2023-07-23 15:55:23.591147+00:00,2023-07-23 18:00:00+00:00,45.923219763055556,2.0767802369444444,matched
2023201N13134-CE02-L072,2023201N13134-CE02,2023201N13134,landfall,2023-07-25 15:55:23.591147+00:00,19.00014393427472,121.94613009457116,72,2023-07-22 15:55:23.591147+00:00,2023-07-22 18:00:00+00:00,69.92321976305556,2.0767802369444444,matched
2023201N13134-CE02-L096,2023201N13134-CE02,2023201N13134,landfall,2023-07-25 15:55:23.591147+00:00,19.00014393427472,121.94613009457116,96,2023-07-21 15:55:23.591147+00:00,2023-07-21 18:00:00+00:00,93.92321976305557,2.0767802369444444,matched
2023201N13134-CE02-L120,2023201N13134-CE02,2023201N13134,landfall,2023-07-25 15:55:23.591147+00:00,19.00014393427472,121.94613009457116,120,2023-07-20 15:55:23.591147+00:00,2023-07-20 18:00:00+00:00,117.92321976305557,2.0767802369444444,matched
2023207N09141-CE01-L024,2023207N09141-CE01,2023207N09141,landfall,2023-08-09 13:05:38.750852+00:00,32.58236341112029,128.7636588495597,24,2023-08-08 13:05:38.750852+00:00,2023-08-08 12:00:00+00:00,25.09409745888889,-1.094097458888889,matched
2023207N09141-CE01-L048,2023207N09141-CE01,2023207N09141,landfall,2023-08-09 13:05:38.750852+00:00,32.58236341112029,128.7636588495597,48,2023-08-07 13:05:38.750852+00:00,2023-08-07 12:00:00+00:00,49.09409745888889,-1.094097458888889,matched
2023207N09141-CE01-L072,2023207N09141-CE01,2023207N09141,landfall,2023-08-09 13:05:38.750852+00:00,32.58236341112029,128.7636588495597,72,2023-08-06 13:05:38.750852+00:00,2023-08-06 12:00:00+00:00,73.0940974588889,-1.094097458888889,matched
2023207N09141-CE01-L096,2023207N09141-CE01,2023207N09141,landfall,2023-08-09 13:05:38.750852+00:00,32.58236341112029,128.7636588495597,96,2023-08-05 13:05:38.750852+00:00,2023-08-05 12:00:00+00:00,97.0940974588889,-1.094097458888889,matched
2023207N09141-CE01-L120,2023207N09141-CE01,2023207N09141,landfall,2023-08-09 13:05:38.750852+00:00,32.58236341112029,128.7636588495597,120,2023-08-04 13:05:38.750852+00:00,2023-08-04 12:00:00+00:00,121.0940974588889,-1.094097458888889,matched
2023218N25145-CE01-L024,2023218N25145-CE01,2023218N25145,landfall,2023-08-14 19:44:52.834246+00:00,33.51224092037296,135.82536076087203,24,2023-08-13 19:44:52.834246+00:00,2023-08-13 18:00:00+00:00,25.748009512777777,-1.748009512777778,matched
2023218N25145-CE01-L048,2023218N25145-CE01,2023218N25145,landfall,2023-08-14 19:44:52.834246+00:00,33.51224092037296,135.82536076087203,48,2023-08-12 19:44:52.834246+00:00,2023-08-12 18:00:00+00:00,49.748009512777784,-1.748009512777778,matched
2023218N25145-CE01-L072,2023218N25145-CE01,2023218N25145,landfall,2023-08-14 19:44:52.834246+00:00,33.51224092037296,135.82536076087203,72,2023-08-11 19:44:52.834246+00:00,2023-08-11 18:00:00+00:00,73.74800951277777,-1.748009512777778,matched
2023218N25145-CE01-L096,2023218N25145-CE01,2023218N25145,landfall,2023-08-14 19:44:52.834246+00:00,33.51224092037296,135.82536076087203,96,2023-08-10 19:44:52.834246+00:00,2023-08-10 18:00:00+00:00,97.74800951277777,-1.748009512777778,matched
2023218N25145-CE01-L120,2023218N25145-CE01,2023218N25145,landfall,2023-08-14 19:44:52.834246+00:00,33.51224092037296,135.82536076087203,120,2023-08-09 19:44:52.834246+00:00,2023-08-09 18:00:00+00:00,121.74800951277777,-1.748009512777778,matched
2023228N12259-CE01-L024,2023228N12259-CE01,2023228N12259,landfall,2023-08-20 12:00:58.637144+00:00,28.10434453404239,-115.30107779194702,24,2023-08-19 12:00:58.637144+00:00,2023-08-19 12:00:00+00:00,24.016288095555552,-0.016288095555555555,matched
2023228N12259-CE01-L048,2023228N12259-CE01,2023228N12259,landfall,2023-08-20 12:00:58.637144+00:00,28.10434453404239,-115.30107779194702,48,2023-08-18 12:00:58.637144+00:00,2023-08-18 12:00:00+00:00,48.01628809555556,-0.016288095555555555,matched
2023228N12259-CE01-L072,2023228N12259-CE01,2023228N12259,landfall,2023-08-20 12:00:58.637144+00:00,28.10434453404239,-115.30107779194702,72,2023-08-17 12:00:58.637144+00:00,2023-08-17 12:00:00+00:00,72.01628809555555,-0.016288095555555555,matched
2023228N12259-CE01-L096,2023228N12259-CE01,2023228N12259,landfall,2023-08-20 12:00:58.637144+00:00,28.10434453404239,-115.30107779194702,96,2023-08-16 12:00:58.637144+00:00,2023-08-16 12:00:00+00:00,96.01628809555555,-0.016288095555555555,matched
2023228N12259-CE01-L120,2023228N12259-CE01,2023228N12259,landfall,2023-08-20 12:00:58.637144+00:00,28.10434453404239,-115.30107779194702,120,2023-08-15 12:00:58.637144+00:00,2023-08-15 12:00:00+00:00,120.01628809555555,-0.016288095555555555,matched
2023234N18128-CE01-L024,2023234N18128-CE01,2023234N18128,coastal_approach,2023-08-26 21:00:00+00:00,17.000000000000004,122.9,24,2023-08-25 21:00:00+00:00,2023-08-25 18:00:00+00:00,27.0,-3.0,matched
2023234N18128-CE01-L048,2023234N18128-CE01,2023234N18128,coastal_approach,2023-08-26 21:00:00+00:00,17.000000000000004,122.9,48,2023-08-24 21:00:00+00:00,2023-08-24 18:00:00+00:00,51.0,-3.0,matched
2023234N18128-CE01-L072,2023234N18128-CE01,2023234N18128,coastal_approach,2023-08-26 21:00:00+00:00,17.000000000000004,122.9,72,2023-08-23 21:00:00+00:00,2023-08-23 18:00:00+00:00,75.0,-3.0,matched
2023234N18128-CE01-L096,2023234N18128-CE01,2023234N18128,coastal_approach,2023-08-26 21:00:00+00:00,17.000000000000004,122.9,96,2023-08-22 21:00:00+00:00,2023-08-22 18:00:00+00:00,99.0,-3.0,matched
2023234N18128-CE01-L120,2023234N18128-CE01,2023234N18128,coastal_approach,2023-08-26 21:00:00+00:00,17.000000000000004,122.9,120,2023-08-21 21:00:00+00:00,2023-08-21 18:00:00+00:00,123.0,-3.0,matched
2023234N18128-CE02-L024,2023234N18128-CE02,2023234N18128,coastal_approach,2023-08-29 17:00:00+00:00,19.800100498144097,122.03349960483196,24,2023-08-28 17:00:00+00:00,2023-08-28 18:00:00+00:00,23.0,1.0,matched
2023234N18128-CE02-L048,2023234N18128-CE02,2023234N18128,coastal_approach,2023-08-29 17:00:00+00:00,19.800100498144097,122.03349960483196,48,2023-08-27 17:00:00+00:00,2023-08-27 18:00:00+00:00,47.0,1.0,matched
2023234N18128-CE02-L072,2023234N18128-CE02,2023234N18128,coastal_approach,2023-08-29 17:00:00+00:00,19.800100498144097,122.03349960483196,72,2023-08-26 17:00:00+00:00,2023-08-26 18:00:00+00:00,71.0,1.0,matched
2023234N18128-CE02-L096,2023234N18128-CE02,2023234N18128,coastal_approach,2023-08-29 17:00:00+00:00,19.800100498144097,122.03349960483196,96,2023-08-25 17:00:00+00:00,2023-08-25 18:00:00+00:00,95.0,1.0,matched
2023234N18128-CE02-L120,2023234N18128-CE02,2023234N18128,coastal_approach,2023-08-29 17:00:00+00:00,19.800100498144097,122.03349960483196,120,2023-08-24 17:00:00+00:00,2023-08-24 18:00:00+00:00,119.0,1.0,matched
2023239N21274-CE01-L024,2023239N21274-CE01,2023239N21274,landfall,2023-08-30 11:37:03.456477+00:00,29.861537016295618,-83.62424916662393,24,2023-08-29 11:37:03.456477+00:00,2023-08-29 12:00:00+00:00,23.617626799166665,0.38237320083333337,matched
2023239N21274-CE01-L048,2023239N21274-CE01,2023239N21274,landfall,2023-08-30 11:37:03.456477+00:00,29.861537016295618,-83.62424916662393,48,2023-08-28 11:37:03.456477+00:00,2023-08-28 12:00:00+00:00,47.617626799166665,0.38237320083333337,matched
2023239N21274-CE01-L072,2023239N21274-CE01,2023239N21274,landfall,2023-08-30 11:37:03.456477+00:00,29.861537016295618,-83.62424916662393,72,2023-08-27 11:37:03.456477+00:00,2023-08-27 12:00:00+00:00,71.61762679916667,0.38237320083333337,matched
2023239N21274-CE01-L096,2023239N21274-CE01,2023239N21274,landfall,2023-08-30 11:37:03.456477+00:00,29.861537016295618,-83.62424916662393,96,2023-08-26 11:37:03.456477+00:00,2023-08-26 12:00:00+00:00,95.61762679916667,0.38237320083333337,matched
2023239N21274-CE01-L120,2023239N21274-CE01,2023239N21274,landfall,2023-08-30 11:37:03.456477+00:00,29.861537016295618,-83.62424916662393,120,2023-08-25 11:37:03.456477+00:00,2023-08-25 12:00:00+00:00,119.61762679916667,0.38237320083333337,matched
2023234N18128-CE03-L024,2023234N18128-CE03,2023234N18128,landfall,2023-09-01 13:25:07.619309+00:00,22.00002968147096,114.21624337395444,24,2023-08-31 13:25:07.619309+00:00,2023-08-31 12:00:00+00:00,25.41878314138889,-1.4187831413888887,matched
2023234N18128-CE03-L048,2023234N18128-CE03,2023234N18128,landfall,2023-09-01 13:25:07.619309+00:00,22.00002968147096,114.21624337395444,48,2023-08-30 13:25:07.619309+00:00,2023-08-30 12:00:00+00:00,49.418783141388886,-1.4187831413888887,matched
2023234N18128-CE03-L072,2023234N18128-CE03,2023234N18128,landfall,2023-09-01 13:25:07.619309+00:00,22.00002968147096,114.21624337395444,72,2023-08-29 13:25:07.619309+00:00,2023-08-29 12:00:00+00:00,73.41878314138889,-1.4187831413888887,matched
2023234N18128-CE03-L096,2023234N18128-CE03,2023234N18128,landfall,2023-09-01 13:25:07.619309+00:00,22.00002968147096,114.21624337395444,96,2023-08-28 13:25:07.619309+00:00,2023-08-28 12:00:00+00:00,97.41878314138889,-1.4187831413888887,matched
2023234N18128-CE03-L120,2023234N18128-CE03,2023234N18128,landfall,2023-09-01 13:25:07.619309+00:00,22.00002968147096,114.21624337395444,120,2023-08-27 13:25:07.619309+00:00,2023-08-27 12:00:00+00:00,121.41878314138889,-1.4187831413888887,matched
2023239N18144-CE01-L024,2023239N18144-CE01,2023239N18144,landfall,2023-09-03 07:03:55.644912+00:00,22.900353046830396,121.25139356024812,24,2023-09-02 07:03:55.644912+00:00,2023-09-02 06:00:00+00:00,25.065456920000003,-1.0654569200000001,matched
2023239N18144-CE01-L048,2023239N18144-CE01,2023239N18144,landfall,2023-09-03 07:03:55.644912+00:00,22.900353046830396,121.25139356024812,48,2023-09-01 07:03:55.644912+00:00,2023-09-01 06:00:00+00:00,49.065456919999995,-1.0654569200000001,matched
2023239N18144-CE01-L072,2023239N18144-CE01,2023239N18144,landfall,2023-09-03 07:03:55.644912+00:00,22.900353046830396,121.25139356024812,72,2023-08-31 07:03:55.644912+00:00,2023-08-31 06:00:00+00:00,73.06545692,-1.0654569200000001,matched
2023239N18144-CE01-L096,2023239N18144-CE01,2023239N18144,landfall,2023-09-03 07:03:55.644912+00:00,22.900353046830396,121.25139356024812,96,2023-08-30 07:03:55.644912+00:00,2023-08-30 06:00:00+00:00,97.06545692,-1.0654569200000001,matched
2023239N18144-CE01-L120,2023239N18144-CE01,2023239N18144,landfall,2023-09-03 07:03:55.644912+00:00,22.900353046830396,121.25139356024812,120,2023-08-29 07:03:55.644912+00:00,2023-08-29 06:00:00+00:00,121.06545692,-1.0654569200000001,matched
2023249N12320-CE01-L024,2023249N12320-CE01,2023249N12320,landfall,2023-09-16 19:54:16.623545+00:00,44.27615740825629,-66.30480752253558,24,2023-09-15 19:54:16.623545+00:00,2023-09-15 18:00:00+00:00,25.904617651388886,-1.904617651388889,matched
2023249N12320-CE01-L048,2023249N12320-CE01,2023249N12320,landfall,2023-09-16 19:54:16.623545+00:00,44.27615740825629,-66.30480752253558,48,2023-09-14 19:54:16.623545+00:00,2023-09-14 18:00:00+00:00,49.90461765138889,-1.904617651388889,matched
2023249N12320-CE01-L072,2023249N12320-CE01,2023249N12320,landfall,2023-09-16 19:54:16.623545+00:00,44.27615740825629,-66.30480752253558,72,2023-09-13 19:54:16.623545+00:00,2023-09-13 18:00:00+00:00,73.90461765138889,-1.904617651388889,matched
2023249N12320-CE01-L096,2023249N12320-CE01,2023249N12320,landfall,2023-09-16 19:54:16.623545+00:00,44.27615740825629,-66.30480752253558,96,2023-09-12 19:54:16.623545+00:00,2023-09-12 18:00:00+00:00,97.90461765138889,-1.904617651388889,matched
2023249N12320-CE01-L120,2023249N12320-CE01,2023249N12320,landfall,2023-09-16 19:54:16.623545+00:00,44.27615740825629,-66.30480752253558,120,2023-09-11 19:54:16.623545+00:00,2023-09-11 18:00:00+00:00,121.90461765138889,-1.904617651388889,matched
2023271N14144-CE02-L024,2023271N14144-CE02,2023271N14144,landfall,2023-10-04 23:35:42.649778+00:00,21.98653808239084,120.84050644362948,24,2023-10-03 23:35:42.649778+00:00,2023-10-04 00:00:00+00:00,23.59518049388889,0.4048195061111111,matched
2023271N14144-CE02-L048,2023271N14144-CE02,2023271N14144,landfall,2023-10-04 23:35:42.649778+00:00,21.98653808239084,120.84050644362948,48,2023-10-02 23:35:42.649778+00:00,2023-10-03 00:00:00+00:00,47.59518049388889,0.4048195061111111,matched
2023271N14144-CE02-L072,2023271N14144-CE02,2023271N14144,landfall,2023-10-04 23:35:42.649778+00:00,21.98653808239084,120.84050644362948,72,2023-10-01 23:35:42.649778+00:00,2023-10-02 00:00:00+00:00,71.59518049388889,0.4048195061111111,matched
2023271N14144-CE02-L096,2023271N14144-CE02,2023271N14144,landfall,2023-10-04 23:35:42.649778+00:00,21.98653808239084,120.84050644362948,96,2023-09-30 23:35:42.649778+00:00,2023-10-01 00:00:00+00:00,95.59518049388889,0.4048195061111111,matched
2023271N14144-CE02-L120,2023271N14144-CE02,2023271N14144,landfall,2023-10-04 23:35:42.649778+00:00,21.98653808239084,120.84050644362948,120,2023-09-29 23:35:42.649778+00:00,2023-09-30 00:00:00+00:00,119.59518049388889,0.4048195061111111,matched
2023271N14144-CE03-L024,2023271N14144-CE03,2023271N14144,coastal_approach,2023-10-09 03:45:00+00:00,21.5750507431736,112.92496145012376,24,2023-10-08 03:45:00+00:00,2023-10-08 06:00:00+00:00,21.75,2.25,matched
2023271N14144-CE03-L048,2023271N14144-CE03,2023271N14144,coastal_approach,2023-10-09 03:45:00+00:00,21.5750507431736,112.92496145012376,48,2023-10-07 03:45:00+00:00,2023-10-07 06:00:00+00:00,45.75,2.25,matched
2023271N14144-CE03-L072,2023271N14144-CE03,2023271N14144,coastal_approach,2023-10-09 03:45:00+00:00,21.5750507431736,112.92496145012376,72,2023-10-06 03:45:00+00:00,2023-10-06 06:00:00+00:00,69.75,2.25,matched
2023271N14144-CE03-L096,2023271N14144-CE03,2023271N14144,coastal_approach,2023-10-09 03:45:00+00:00,21.5750507431736,112.92496145012376,96,2023-10-05 03:45:00+00:00,2023-10-05 06:00:00+00:00,93.75,2.25,matched
2023271N14144-CE03-L120,2023271N14144-CE03,2023271N14144,coastal_approach,2023-10-09 03:45:00+00:00,21.5750507431736,112.92496145012376,120,2023-10-04 03:45:00+00:00,2023-10-04 06:00:00+00:00,117.75,2.25,matched
2023279N08157-CE01-L024,2023279N08157-CE01,2023279N08157,coastal_approach,2023-10-10 09:00:00+00:00,14.7,145.3,24,2023-10-09 09:00:00+00:00,2023-10-09 06:00:00+00:00,27.0,-3.0,matched
2023279N08157-CE01-L048,2023279N08157-CE01,2023279N08157,coastal_approach,2023-10-10 09:00:00+00:00,14.7,145.3,48,2023-10-08 09:00:00+00:00,2023-10-08 06:00:00+00:00,51.0,-3.0,matched
2023279N08157-CE01-L072,2023279N08157-CE01,2023279N08157,coastal_approach,2023-10-10 09:00:00+00:00,14.7,145.3,72,2023-10-07 09:00:00+00:00,2023-10-07 06:00:00+00:00,75.0,-3.0,matched
2023279N08157-CE01-L096,2023279N08157-CE01,2023279N08157,coastal_approach,2023-10-10 09:00:00+00:00,14.7,145.3,96,2023-10-06 09:00:00+00:00,2023-10-06 06:00:00+00:00,99.0,-3.0,matched
2023279N08157-CE01-L120,2023279N08157-CE01,2023279N08157,coastal_approach,2023-10-10 09:00:00+00:00,14.7,145.3,120,2023-10-05 09:00:00+00:00,2023-10-05 06:00:00+00:00,123.0,-3.0,matched
2023276N11254-CE02-L024,2023276N11254-CE02,2023276N11254,landfall,2023-10-10 23:50:50.374468+00:00,20.074642159947917,-105.54083449564916,24,2023-10-09 23:50:50.374468+00:00,2023-10-10 00:00:00+00:00,23.84732624111111,0.1526737588888889,matched
2023276N11254-CE02-L048,2023276N11254-CE02,2023276N11254,landfall,2023-10-10 23:50:50.374468+00:00,20.074642159947917,-105.54083449564916,48,2023-10-08 23:50:50.374468+00:00,2023-10-09 00:00:00+00:00,47.84732624111111,0.1526737588888889,matched
2023276N11254-CE02-L072,2023276N11254-CE02,2023276N11254,landfall,2023-10-10 23:50:50.374468+00:00,20.074642159947917,-105.54083449564916,72,2023-10-07 23:50:50.374468+00:00,2023-10-08 00:00:00+00:00,71.8473262411111,0.1526737588888889,matched
2023276N11254-CE02-L096,2023276N11254-CE02,2023276N11254,landfall,2023-10-10 23:50:50.374468+00:00,20.074642159947917,-105.54083449564916,96,2023-10-06 23:50:50.374468+00:00,2023-10-07 00:00:00+00:00,95.84732624111112,0.1526737588888889,matched
2023276N11254-CE02-L120,2023276N11254-CE02,2023276N11254,landfall,2023-10-10 23:50:50.374468+00:00,20.074642159947917,-105.54083449564916,120,2023-10-05 23:50:50.374468+00:00,2023-10-06 00:00:00+00:00,119.84732624111112,0.1526737588888889,matched
2023290N12256-CE01-L024,2023290N12256-CE01,2023290N12256,landfall,2023-10-21 20:28:24.245886+00:00,23.02978701683385,-110.1,24,2023-10-20 20:28:24.245886+00:00,2023-10-20 18:00:00+00:00,26.473401635000002,-2.473401635,matched
2023290N12256-CE01-L048,2023290N12256-CE01,2023290N12256,landfall,2023-10-21 20:28:24.245886+00:00,23.02978701683385,-110.1,48,2023-10-19 20:28:24.245886+00:00,2023-10-19 18:00:00+00:00,50.473401634999995,-2.473401635,matched
2023290N12256-CE01-L072,2023290N12256-CE01,2023290N12256,landfall,2023-10-21 20:28:24.245886+00:00,23.02978701683385,-110.1,72,2023-10-18 20:28:24.245886+00:00,2023-10-18 18:00:00+00:00,74.473401635,-2.473401635,matched
2023290N12256-CE01-L096,2023290N12256-CE01,2023290N12256,landfall,2023-10-21 20:28:24.245886+00:00,23.02978701683385,-110.1,96,2023-10-17 20:28:24.245886+00:00,2023-10-17 18:00:00+00:00,98.473401635,-2.473401635,matched
2023290N12256-CE01-L120,2023290N12256-CE01,2023290N12256,landfall,2023-10-21 20:28:24.245886+00:00,23.02978701683385,-110.1,120,2023-10-16 20:28:24.245886+00:00,2023-10-16 18:00:00+00:00,122.473401635,-2.473401635,matched
2023292N13309-CE02-L024,2023292N13309-CE02,2023292N13309,landfall,2023-10-22 00:34:53.870100+00:00,17.546536851976352,-61.74651679842259,24,2023-10-21 00:34:53.870100+00:00,2023-10-21 00:00:00+00:00,24.581630583333332,-0.5816305833333334,matched
2023292N13309-CE02-L048,2023292N13309-CE02,2023292N13309,landfall,2023-10-22 00:34:53.870100+00:00,17.546536851976352,-61.74651679842259,48,2023-10-20 00:34:53.870100+00:00,2023-10-20 00:00:00+00:00,48.581630583333336,-0.5816305833333334,matched
2023292N13309-CE02-L072,2023292N13309-CE02,2023292N13309,landfall,2023-10-22 00:34:53.870100+00:00,17.546536851976352,-61.74651679842259,72,2023-10-19 00:34:53.870100+00:00,2023-10-19 00:00:00+00:00,72.58163058333334,-0.5816305833333334,matched
2023292N13309-CE02-L096,2023292N13309-CE02,2023292N13309,landfall,2023-10-22 00:34:53.870100+00:00,17.546536851976352,-61.74651679842259,96,2023-10-18 00:34:53.870100+00:00,2023-10-18 00:00:00+00:00,96.58163058333334,-0.5816305833333334,matched
2023292N13309-CE02-L120,2023292N13309-CE02,2023292N13309,landfall,2023-10-22 00:34:53.870100+00:00,17.546536851976352,-61.74651679842259,120,2023-10-17 00:34:53.870100+00:00,2023-10-17 00:00:00+00:00,120.58163058333334,-0.5816305833333334,matched
2023290N12256-CE02-L024,2023290N12256-CE02,2023290N12256,landfall,2023-10-22 04:47:41.499950+00:00,24.179519041257464,-109.88045487665264,24,2023-10-21 04:47:41.499950+00:00,2023-10-21 06:00:00+00:00,22.79486109722222,1.2051389027777777,matched
2023290N12256-CE02-L048,2023290N12256-CE02,2023290N12256,landfall,2023-10-22 04:47:41.499950+00:00,24.179519041257464,-109.88045487665264,48,2023-10-20 04:47:41.499950+00:00,2023-10-20 06:00:00+00:00,46.794861097222224,1.2051389027777777,matched
2023290N12256-CE02-L072,2023290N12256-CE02,2023290N12256,landfall,2023-10-22 04:47:41.499950+00:00,24.179519041257464,-109.88045487665264,72,2023-10-19 04:47:41.499950+00:00,2023-10-19 06:00:00+00:00,70.79486109722222,1.2051389027777777,matched
2023290N12256-CE02-L096,2023290N12256-CE02,2023290N12256,landfall,2023-10-22 04:47:41.499950+00:00,24.179519041257464,-109.88045487665264,96,2023-10-18 04:47:41.499950+00:00,2023-10-18 06:00:00+00:00,94.79486109722222,1.2051389027777777,matched
2023290N12256-CE02-L120,2023290N12256-CE02,2023290N12256,landfall,2023-10-22 04:47:41.499950+00:00,24.179519041257464,-109.88045487665264,120,2023-10-17 04:47:41.499950+00:00,2023-10-17 06:00:00+00:00,118.79486109722222,1.2051389027777777,matched
2023292N11063-CE01-L024,2023292N11063-CE01,2023292N11063,coastal_approach,2023-10-22 08:00:00+00:00,12.900068570029216,54.83343896999459,24,2023-10-21 08:00:00+00:00,2023-10-21 06:00:00+00:00,26.0,-2.0,matched
2023292N11063-CE01-L048,2023292N11063-CE01,2023292N11063,coastal_approach,2023-10-22 08:00:00+00:00,12.900068570029216,54.83343896999459,48,2023-10-20 08:00:00+00:00,2023-10-20 06:00:00+00:00,50.0,-2.0,matched
2023292N11063-CE01-L072,2023292N11063-CE01,2023292N11063,coastal_approach,2023-10-22 08:00:00+00:00,12.900068570029216,54.83343896999459,72,2023-10-19 08:00:00+00:00,2023-10-19 06:00:00+00:00,74.0,-2.0,matched
2023292N11063-CE01-L096,2023292N11063-CE01,2023292N11063,coastal_approach,2023-10-22 08:00:00+00:00,12.900068570029216,54.83343896999459,96,2023-10-18 08:00:00+00:00,2023-10-18 06:00:00+00:00,98.0,-2.0,matched
2023292N11063-CE01-L120,2023292N11063-CE01,2023292N11063,coastal_approach,2023-10-22 08:00:00+00:00,12.900068570029216,54.83343896999459,120,2023-10-17 08:00:00+00:00,2023-10-17 06:00:00+00:00,122.0,-2.0,matched
2023292N11063-CE02-L024,2023292N11063-CE02,2023292N11063,landfall,2023-10-24 01:00:57.424176+00:00,15.866217772802305,52.164495727459055,24,2023-10-23 01:00:57.424176+00:00,2023-10-23 00:00:00+00:00,25.01595116,-1.01595116,matched
2023292N11063-CE02-L048,2023292N11063-CE02,2023292N11063,landfall,2023-10-24 01:00:57.424176+00:00,15.866217772802305,52.164495727459055,48,2023-10-22 01:00:57.424176+00:00,2023-10-22 00:00:00+00:00,49.01595116,-1.01595116,matched
2023292N11063-CE02-L072,2023292N11063-CE02,2023292N11063,landfall,2023-10-24 01:00:57.424176+00:00,15.866217772802305,52.164495727459055,72,2023-10-21 01:00:57.424176+00:00,2023-10-21 00:00:00+00:00,73.01595116,-1.01595116,matched
2023292N11063-CE02-L096,2023292N11063-CE02,2023292N11063,landfall,2023-10-24 01:00:57.424176+00:00,15.866217772802305,52.164495727459055,96,2023-10-20 01:00:57.424176+00:00,2023-10-20 00:00:00+00:00,97.01595116,-1.01595116,matched
2023292N11063-CE02-L120,2023292N11063-CE02,2023292N11063,landfall,2023-10-24 01:00:57.424176+00:00,15.866217772802305,52.164495727459055,120,2023-10-19 01:00:57.424176+00:00,2023-10-19 00:00:00+00:00,121.01595116,-1.01595116,matched
2023292S03172-CE01-L024,2023292S03172-CE01,2023292S03172,landfall,2023-10-24 16:00:17.974164+00:00,-15.867005082823356,168.26652223521435,24,2023-10-23 16:00:17.974164+00:00,2023-10-23 18:00:00+00:00,22.004992823333332,1.9950071766666666,matched
2023292S03172-CE01-L048,2023292S03172-CE01,2023292S03172,landfall,2023-10-24 16:00:17.974164+00:00,-15.867005082823356,168.26652223521435,48,2023-10-22 16:00:17.974164+00:00,2023-10-22 18:00:00+00:00,46.00499282333334,1.9950071766666666,matched
2023292S03172-CE01-L072,2023292S03172-CE01,2023292S03172,landfall,2023-10-24 16:00:17.974164+00:00,-15.867005082823356,168.26652223521435,72,2023-10-21 16:00:17.974164+00:00,2023-10-21 18:00:00+00:00,70.00499282333334,1.9950071766666666,matched
2023292S03172-CE01-L096,2023292S03172-CE01,2023292S03172,landfall,2023-10-24 16:00:17.974164+00:00,-15.867005082823356,168.26652223521435,96,2023-10-20 16:00:17.974164+00:00,2023-10-20 18:00:00+00:00,94.00499282333334,1.9950071766666666,matched
2023292S03172-CE01-L120,2023292S03172-CE01,2023292S03172,landfall,2023-10-24 16:00:17.974164+00:00,-15.867005082823356,168.26652223521435,120,2023-10-19 16:00:17.974164+00:00,2023-10-19 18:00:00+00:00,118.00499282333334,1.9950071766666666,matched
2023293N12089-CE01-L024,2023293N12089-CE01,2023293N12089,landfall,2023-10-24 22:29:14.610826+00:00,21.847436910204244,91.84620583006088,24,2023-10-23 22:29:14.610826+00:00,2023-10-24 00:00:00+00:00,22.487391896111113,1.5126081038888888,matched
2023293N12089-CE01-L048,2023293N12089-CE01,2023293N12089,landfall,2023-10-24 22:29:14.610826+00:00,21.847436910204244,91.84620583006088,48,2023-10-22 22:29:14.610826+00:00,2023-10-23 00:00:00+00:00,46.487391896111106,1.5126081038888888,matched
2023293N12089-CE01-L072,2023293N12089-CE01,2023293N12089,landfall,2023-10-24 22:29:14.610826+00:00,21.847436910204244,91.84620583006088,72,2023-10-21 22:29:14.610826+00:00,2023-10-22 00:00:00+00:00,70.4873918961111,1.5126081038888888,matched
2023293N12089-CE01-L096,2023293N12089-CE01,2023293N12089,landfall,2023-10-24 22:29:14.610826+00:00,21.847436910204244,91.84620583006088,96,2023-10-20 22:29:14.610826+00:00,2023-10-21 00:00:00+00:00,94.4873918961111,1.5126081038888888,matched
2023293N12089-CE01-L120,2023293N12089-CE01,2023293N12089,landfall,2023-10-24 22:29:14.610826+00:00,21.847436910204244,91.84620583006088,120,2023-10-19 22:29:14.610826+00:00,2023-10-20 00:00:00+00:00,118.4873918961111,1.5126081038888888,matched
2023294N09264-CE01-L024,2023294N09264-CE01,2023294N09264,landfall,2023-10-25 06:53:27.169554+00:00,16.825051608363907,-99.91249790754593,24,2023-10-24 06:53:27.169554+00:00,2023-10-24 06:00:00+00:00,24.890880431666666,-0.8908804316666666,matched
2023294N09264-CE01-L048,2023294N09264-CE01,2023294N09264,landfall,2023-10-25 06:53:27.169554+00:00,16.825051608363907,-99.91249790754593,48,2023-10-23 06:53:27.169554+00:00,2023-10-23 06:00:00+00:00,48.890880431666666,-0.8908804316666666,matched
2023294N09264-CE01-L072,2023294N09264-CE01,2023294N09264,landfall,2023-10-25 06:53:27.169554+00:00,16.825051608363907,-99.91249790754593,72,2023-10-22 06:53:27.169554+00:00,2023-10-22 06:00:00+00:00,72.89088043166667,-0.8908804316666666,matched
2023294N09264-CE01-L096,2023294N09264-CE01,2023294N09264,landfall,2023-10-25 06:53:27.169554+00:00,16.825051608363907,-99.91249790754593,96,2023-10-21 06:53:27.169554+00:00,2023-10-21 06:00:00+00:00,96.89088043166667,-0.8908804316666666,matched
2023294N09264-CE01-L120,2023294N09264-CE01,2023294N09264,landfall,2023-10-25 06:53:27.169554+00:00,16.825051608363907,-99.91249790754593,120,2023-10-20 06:53:27.169554+00:00,2023-10-20 06:00:00+00:00,120.89088043166667,-0.8908804316666666,matched
2023334N08088-CE01-L024,2023334N08088-CE01,2023334N08088,landfall,2023-12-05 04:24:11.877052+00:00,15.387113940496365,80.14672907843996,24,2023-12-04 04:24:11.877052+00:00,2023-12-04 06:00:00+00:00,22.40329918111111,1.596700818888889,matched
2023334N08088-CE01-L048,2023334N08088-CE01,2023334N08088,landfall,2023-12-05 04:24:11.877052+00:00,15.387113940496365,80.14672907843996,48,2023-12-03 04:24:11.877052+00:00,2023-12-03 06:00:00+00:00,46.40329918111111,1.596700818888889,matched
2023334N08088-CE01-L072,2023334N08088-CE01,2023334N08088,landfall,2023-12-05 04:24:11.877052+00:00,15.387113940496365,80.14672907843996,72,2023-12-02 04:24:11.877052+00:00,2023-12-02 06:00:00+00:00,70.40329918111111,1.596700818888889,matched
2023334N08088-CE01-L096,2023334N08088-CE01,2023334N08088,landfall,2023-12-05 04:24:11.877052+00:00,15.387113940496365,80.14672907843996,96,2023-12-01 04:24:11.877052+00:00,2023-12-01 06:00:00+00:00,94.40329918111112,1.596700818888889,matched
2023334N08088-CE01-L120,2023334N08088-CE01,2023334N08088,landfall,2023-12-05 04:24:11.877052+00:00,15.387113940496365,80.14672907843996,120,2023-11-30 04:24:11.877052+00:00,2023-11-30 06:00:00+00:00,118.40329918111112,1.596700818888889,matched
2023364S19035-CE01-L024,2023364S19035-CE01,2023364S19035,landfall,2024-01-01 15:55:31.142419+00:00,-21.36938486314112,43.4851501918688,24,2023-12-31 15:55:31.142419+00:00,2023-12-31 18:00:00+00:00,21.92531733861111,2.074682661388889,matched
2023364S19035-CE01-L048,2023364S19035-CE01,2023364S19035,landfall,2024-01-01 15:55:31.142419+00:00,-21.36938486314112,43.4851501918688,48,2023-12-30 15:55:31.142419+00:00,2023-12-30 18:00:00+00:00,45.925317338611116,2.074682661388889,matched
2023364S19035-CE01-L072,2023364S19035-CE01,2023364S19035,landfall,2024-01-01 15:55:31.142419+00:00,-21.36938486314112,43.4851501918688,72,2023-12-29 15:55:31.142419+00:00,2023-12-29 18:00:00+00:00,69.92531733861111,2.074682661388889,matched
2023364S19035-CE01-L096,2023364S19035-CE01,2023364S19035,landfall,2024-01-01 15:55:31.142419+00:00,-21.36938486314112,43.4851501918688,96,2023-12-28 15:55:31.142419+00:00,2023-12-28 18:00:00+00:00,93.92531733861111,2.074682661388889,matched
2023364S19035-CE01-L120,2023364S19035-CE01,2023364S19035,landfall,2024-01-01 15:55:31.142419+00:00,-21.36938486314112,43.4851501918688,120,2023-12-27 15:55:31.142419+00:00,2023-12-27 18:00:00+00:00,117.92531733861111,2.074682661388889,matched
2024012S12059-CE01-L024,2024012S12059-CE01,2024012S12059,coastal_approach,2024-01-13 08:08:34.285714+00:00,-15.985791507226836,54.61444738072394,24,2024-01-12 08:08:34.285714+00:00,2024-01-12 06:00:00+00:00,26.14285714277778,-2.142857142777778,matched
2024012S12059-CE01-L048,2024012S12059-CE01,2024012S12059,coastal_approach,2024-01-13 08:08:34.285714+00:00,-15.985791507226836,54.61444738072394,48,2024-01-11 08:08:34.285714+00:00,2024-01-11 06:00:00+00:00,50.14285714277778,-2.142857142777778,matched
2024012S12059-CE01-L072,2024012S12059-CE01,2024012S12059,coastal_approach,2024-01-13 08:08:34.285714+00:00,-15.985791507226836,54.61444738072394,72,2024-01-10 08:08:34.285714+00:00,2024-01-10 06:00:00+00:00,74.14285714277777,-2.142857142777778,matched
2024012S12059-CE01-L096,2024012S12059-CE01,2024012S12059,coastal_approach,2024-01-13 08:08:34.285714+00:00,-15.985791507226836,54.61444738072394,96,2024-01-09 08:08:34.285714+00:00,2024-01-09 06:00:00+00:00,98.14285714277777,-2.142857142777778,matched
2024012S12059-CE01-L120,2024012S12059-CE01,2024012S12059,coastal_approach,2024-01-13 08:08:34.285714+00:00,-15.985791507226836,54.61444738072394,120,2024-01-08 08:08:34.285714+00:00,2024-01-08 06:00:00+00:00,122.14285714277777,-2.142857142777778,matched
2024012S12059-CE02-L024,2024012S12059-CE02,2024012S12059,landfall,2024-01-15 06:48:57.961967+00:00,-20.8816632605766,55.58149181499208,24,2024-01-14 06:48:57.961967+00:00,2024-01-14 06:00:00+00:00,24.81610054638889,-0.816100546388889,matched
2024012S12059-CE02-L048,2024012S12059-CE02,2024012S12059,landfall,2024-01-15 06:48:57.961967+00:00,-20.8816632605766,55.58149181499208,48,2024-01-13 06:48:57.961967+00:00,2024-01-13 06:00:00+00:00,48.81610054638889,-0.816100546388889,matched
2024012S12059-CE02-L072,2024012S12059-CE02,2024012S12059,landfall,2024-01-15 06:48:57.961967+00:00,-20.8816632605766,55.58149181499208,72,2024-01-12 06:48:57.961967+00:00,2024-01-12 06:00:00+00:00,72.8161005463889,-0.816100546388889,matched
2024012S12059-CE02-L096,2024012S12059-CE02,2024012S12059,landfall,2024-01-15 06:48:57.961967+00:00,-20.8816632605766,55.58149181499208,96,2024-01-11 06:48:57.961967+00:00,2024-01-11 06:00:00+00:00,96.81610054638888,-0.816100546388889,matched
2024012S12059-CE02-L120,2024012S12059-CE02,2024012S12059,landfall,2024-01-15 06:48:57.961967+00:00,-20.8816632605766,55.58149181499208,120,2024-01-10 06:48:57.961967+00:00,2024-01-10 06:00:00+00:00,120.81610054638888,-0.816100546388889,matched
2024073S14128-CE01-L024,2024073S14128-CE01,2024073S14128,landfall,2024-03-13 17:06:56.305606+00:00,-11.600032368381056,131.4115640493445,24,2024-03-12 17:06:56.305606+00:00,2024-03-12 18:00:00+00:00,23.115640446111108,0.8843595538888889,matched
2024073S14128-CE01-L048,2024073S14128-CE01,2024073S14128,landfall,2024-03-13 17:06:56.305606+00:00,-11.600032368381056,131.4115640493445,48,2024-03-11 17:06:56.305606+00:00,2024-03-11 18:00:00+00:00,47.115640446111115,0.8843595538888889,matched
2024073S14128-CE01-L072,2024073S14128-CE01,2024073S14128,landfall,2024-03-13 17:06:56.305606+00:00,-11.600032368381056,131.4115640493445,72,2024-03-10 17:06:56.305606+00:00,2024-03-10 18:00:00+00:00,71.11564044611112,0.8843595538888889,matched
2024073S14128-CE01-L096,2024073S14128-CE01,2024073S14128,landfall,2024-03-13 17:06:56.305606+00:00,-11.600032368381056,131.4115640493445,96,2024-03-09 17:06:56.305606+00:00,2024-03-09 18:00:00+00:00,95.11564044611112,0.8843595538888889,matched
2024073S14128-CE01-L120,2024073S14128-CE01,2024073S14128,landfall,2024-03-13 17:06:56.305606+00:00,-11.600032368381056,131.4115640493445,120,2024-03-08 17:06:56.305606+00:00,2024-03-08 18:00:00+00:00,119.11564044611112,0.8843595538888889,matched
2024082S08054-CE01-L024,2024082S08054-CE01,2024082S08054,landfall,2024-03-27 02:08:55.653857+00:00,-12.90001553664722,49.856747149004285,24,2024-03-26 02:08:55.653857+00:00,2024-03-26 00:00:00+00:00,26.148792738055555,-2.1487927380555556,matched
2024082S08054-CE01-L048,2024082S08054-CE01,2024082S08054,landfall,2024-03-27 02:08:55.653857+00:00,-12.90001553664722,49.856747149004285,48,2024-03-25 02:08:55.653857+00:00,2024-03-25 00:00:00+00:00,50.148792738055555,-2.1487927380555556,matched
2024082S08054-CE01-L072,2024082S08054-CE01,2024082S08054,landfall,2024-03-27 02:08:55.653857+00:00,-12.90001553664722,49.856747149004285,72,2024-03-24 02:08:55.653857+00:00,2024-03-24 00:00:00+00:00,74.14879273805556,-2.1487927380555556,matched
2024082S08054-CE01-L096,2024082S08054-CE01,2024082S08054,landfall,2024-03-27 02:08:55.653857+00:00,-12.90001553664722,49.856747149004285,96,2024-03-23 02:08:55.653857+00:00,2024-03-23 00:00:00+00:00,98.14879273805556,-2.1487927380555556,matched
2024082S08054-CE01-L120,2024082S08054-CE01,2024082S08054,landfall,2024-03-27 02:08:55.653857+00:00,-12.90001553664722,49.856747149004285,120,2024-03-22 02:08:55.653857+00:00,2024-03-22 00:00:00+00:00,122.14879273805556,-2.1487927380555556,matched
2024121S07047-CE01-L024,2024121S07047-CE01,2024121S07047,landfall,2024-05-04 06:07:07.354739+00:00,-7.8000112221759474,39.88021506244596,24,2024-05-03 06:07:07.354739+00:00,2024-05-03 06:00:00+00:00,24.118709649722224,-0.11870964972222223,matched
2024121S07047-CE01-L048,2024121S07047-CE01,2024121S07047,landfall,2024-05-04 06:07:07.354739+00:00,-7.8000112221759474,39.88021506244596,48,2024-05-02 06:07:07.354739+00:00,2024-05-02 06:00:00+00:00,48.11870964972222,-0.11870964972222223,matched
2024121S07047-CE01-L072,2024121S07047-CE01,2024121S07047,landfall,2024-05-04 06:07:07.354739+00:00,-7.8000112221759474,39.88021506244596,72,2024-05-01 06:07:07.354739+00:00,2024-05-01 06:00:00+00:00,72.11870964972222,-0.11870964972222223,matched
2024121S07047-CE01-L096,2024121S07047-CE01,2024121S07047,landfall,2024-05-04 06:07:07.354739+00:00,-7.8000112221759474,39.88021506244596,96,2024-04-30 06:07:07.354739+00:00,2024-04-30 06:00:00+00:00,96.11870964972222,-0.11870964972222223,matched
2024121S07047-CE01-L120,2024121S07047-CE01,2024121S07047,landfall,2024-05-04 06:07:07.354739+00:00,-7.8000112221759474,39.88021506244596,120,2024-04-29 06:07:07.354739+00:00,2024-04-29 06:00:00+00:00,120.11870964972222,-0.11870964972222223,matched
2024141N03142-CE01-L024,2024141N03142-CE01,2024141N03142,landfall,2024-05-26 09:20:33.540587+00:00,14.634285035226844,121.93422355949563,24,2024-05-25 09:20:33.540587+00:00,2024-05-25 12:00:00+00:00,21.342650163055556,2.6573498369444444,matched
2024141N03142-CE01-L048,2024141N03142-CE01,2024141N03142,landfall,2024-05-26 09:20:33.540587+00:00,14.634285035226844,121.93422355949563,48,2024-05-24 09:20:33.540587+00:00,2024-05-24 12:00:00+00:00,45.34265016305555,2.6573498369444444,matched
2024141N03142-CE01-L072,2024141N03142-CE01,2024141N03142,landfall,2024-05-26 09:20:33.540587+00:00,14.634285035226844,121.93422355949563,72,2024-05-23 09:20:33.540587+00:00,2024-05-23 12:00:00+00:00,69.34265016305555,2.6573498369444444,matched
2024141N03142-CE01-L096,2024141N03142-CE01,2024141N03142,landfall,2024-05-26 09:20:33.540587+00:00,14.634285035226844,121.93422355949563,96,2024-05-22 09:20:33.540587+00:00,2024-05-22 12:00:00+00:00,93.34265016305557,2.6573498369444444,matched
2024141N03142-CE01-L120,2024141N03142-CE01,2024141N03142,landfall,2024-05-26 09:20:33.540587+00:00,14.634285035226844,121.93422355949563,120,2024-05-21 09:20:33.540587+00:00,2024-05-21 12:00:00+00:00,117.34265016305557,2.6573498369444444,matched
2024141N03142-CE02-L024,2024141N03142-CE02,2024141N03142,coastal_approach,2024-05-29 01:21:49.090909+00:00,24.51859251464696,131.1172191912952,24,2024-05-28 01:21:49.090909+00:00,2024-05-28 00:00:00+00:00,25.363636363611114,-1.363636363611111,matched
2024141N03142-CE02-L048,2024141N03142-CE02,2024141N03142,coastal_approach,2024-05-29 01:21:49.090909+00:00,24.51859251464696,131.1172191912952,48,2024-05-27 01:21:49.090909+00:00,2024-05-27 00:00:00+00:00,49.36363636361111,-1.363636363611111,matched
2024141N03142-CE02-L072,2024141N03142-CE02,2024141N03142,coastal_approach,2024-05-29 01:21:49.090909+00:00,24.51859251464696,131.1172191912952,72,2024-05-26 01:21:49.090909+00:00,2024-05-26 00:00:00+00:00,73.36363636361112,-1.363636363611111,matched
2024141N03142-CE02-L096,2024141N03142-CE02,2024141N03142,coastal_approach,2024-05-29 01:21:49.090909+00:00,24.51859251464696,131.1172191912952,96,2024-05-25 01:21:49.090909+00:00,2024-05-25 00:00:00+00:00,97.36363636361112,-1.363636363611111,matched
2024141N03142-CE02-L120,2024141N03142-CE02,2024141N03142,coastal_approach,2024-05-29 01:21:49.090909+00:00,24.51859251464696,131.1172191912952,120,2024-05-24 01:21:49.090909+00:00,2024-05-24 00:00:00+00:00,121.36363636361112,-1.363636363611111,matched
2024181N09320-CE01-L024,2024181N09320-CE01,2024181N09320,landfall,2024-07-01 15:04:52.736786+00:00,12.500003422904314,-61.42439473198407,24,2024-06-30 15:04:52.736786+00:00,2024-06-30 18:00:00+00:00,21.08131577388889,2.9186842261111114,matched
2024181N09320-CE01-L048,2024181N09320-CE01,2024181N09320,landfall,2024-07-01 15:04:52.736786+00:00,12.500003422904314,-61.42439473198407,48,2024-06-29 15:04:52.736786+00:00,2024-06-29 18:00:00+00:00,45.08131577388889,2.9186842261111114,matched
2024181N09320-CE01-L072,2024181N09320-CE01,2024181N09320,landfall,2024-07-01 15:04:52.736786+00:00,12.500003422904314,-61.42439473198407,72,2024-06-28 15:04:52.736786+00:00,2024-06-28 18:00:00+00:00,69.08131577388889,2.9186842261111114,matched
2024181N09320-CE01-L096,2024181N09320-CE01,2024181N09320,landfall,2024-07-01 15:04:52.736786+00:00,12.500003422904314,-61.42439473198407,96,2024-06-27 15:04:52.736786+00:00,2024-06-27 18:00:00+00:00,93.08131577388889,2.9186842261111114,matched
2024181N09320-CE01-L120,2024181N09320-CE01,2024181N09320,landfall,2024-07-01 15:04:52.736786+00:00,12.500003422904314,-61.42439473198407,120,2024-06-26 15:04:52.736786+00:00,2024-06-26 18:00:00+00:00,117.08131577388889,2.9186842261111114,matched
2024181N09320-CE02-L024,2024181N09320-CE02,2024181N09320,coastal_approach,2024-07-03 22:12:00+00:00,17.620390477694784,-77.81968218338588,24,2024-07-02 22:12:00+00:00,2024-07-03 00:00:00+00:00,22.2,1.8,matched
2024181N09320-CE02-L048,2024181N09320-CE02,2024181N09320,coastal_approach,2024-07-03 22:12:00+00:00,17.620390477694784,-77.81968218338588,48,2024-07-01 22:12:00+00:00,2024-07-02 00:00:00+00:00,46.2,1.8,matched
2024181N09320-CE02-L072,2024181N09320-CE02,2024181N09320,coastal_approach,2024-07-03 22:12:00+00:00,17.620390477694784,-77.81968218338588,72,2024-06-30 22:12:00+00:00,2024-07-01 00:00:00+00:00,70.2,1.8,matched
2024181N09320-CE02-L096,2024181N09320-CE02,2024181N09320,coastal_approach,2024-07-03 22:12:00+00:00,17.620390477694784,-77.81968218338588,96,2024-06-29 22:12:00+00:00,2024-06-30 00:00:00+00:00,94.2,1.8,matched
2024181N09320-CE02-L120,2024181N09320-CE02,2024181N09320,coastal_approach,2024-07-03 22:12:00+00:00,17.620390477694784,-77.81968218338588,120,2024-06-28 22:12:00+00:00,2024-06-29 00:00:00+00:00,118.2,1.8,matched
2024181N09320-CE03-L024,2024181N09320-CE03,2024181N09320,landfall,2024-07-05 10:54:25.425586+00:00,20.29073794265159,-87.37673735349262,24,2024-07-04 10:54:25.425586+00:00,2024-07-04 12:00:00+00:00,22.907062662777776,1.0929373372222222,matched
2024181N09320-CE03-L048,2024181N09320-CE03,2024181N09320,landfall,2024-07-05 10:54:25.425586+00:00,20.29073794265159,-87.37673735349262,48,2024-07-03 10:54:25.425586+00:00,2024-07-03 12:00:00+00:00,46.907062662777776,1.0929373372222222,matched
2024181N09320-CE03-L072,2024181N09320-CE03,2024181N09320,landfall,2024-07-05 10:54:25.425586+00:00,20.29073794265159,-87.37673735349262,72,2024-07-02 10:54:25.425586+00:00,2024-07-02 12:00:00+00:00,70.90706266277778,1.0929373372222222,matched
2024181N09320-CE03-L096,2024181N09320-CE03,2024181N09320,landfall,2024-07-05 10:54:25.425586+00:00,20.29073794265159,-87.37673735349262,96,2024-07-01 10:54:25.425586+00:00,2024-07-01 12:00:00+00:00,94.90706266277779,1.0929373372222222,matched
2024181N09320-CE03-L120,2024181N09320-CE03,2024181N09320,landfall,2024-07-05 10:54:25.425586+00:00,20.29073794265159,-87.37673735349262,120,2024-06-30 10:54:25.425586+00:00,2024-06-30 12:00:00+00:00,118.90706266277779,1.0929373372222222,matched
2024181N09320-CE04-L024,2024181N09320-CE04,2024181N09320,landfall,2024-07-08 08:33:56.518446+00:00,28.58485670582171,-95.99620000320644,24,2024-07-07 08:33:56.518446+00:00,2024-07-07 06:00:00+00:00,26.565699568333333,-2.5656995683333332,matched
2024181N09320-CE04-L048,2024181N09320-CE04,2024181N09320,landfall,2024-07-08 08:33:56.518446+00:00,28.58485670582171,-95.99620000320644,48,2024-07-06 08:33:56.518446+00:00,2024-07-06 06:00:00+00:00,50.565699568333336,-2.5656995683333332,matched
2024181N09320-CE04-L072,2024181N09320-CE04,2024181N09320,landfall,2024-07-08 08:33:56.518446+00:00,28.58485670582171,-95.99620000320644,72,2024-07-05 08:33:56.518446+00:00,2024-07-05 06:00:00+00:00,74.56569956833333,-2.5656995683333332,matched
2024181N09320-CE04-L096,2024181N09320-CE04,2024181N09320,landfall,2024-07-08 08:33:56.518446+00:00,28.58485670582171,-95.99620000320644,96,2024-07-04 08:33:56.518446+00:00,2024-07-04 06:00:00+00:00,98.56569956833333,-2.5656995683333332,matched
2024181N09320-CE04-L120,2024181N09320-CE04,2024181N09320,landfall,2024-07-08 08:33:56.518446+00:00,28.58485670582171,-95.99620000320644,120,2024-07-03 08:33:56.518446+00:00,2024-07-03 06:00:00+00:00,122.56569956833333,-2.5656995683333332,matched
2024201N12133-CE01-L024,2024201N12133-CE01,2024201N12133,landfall,2024-07-24 15:25:46.221642+00:00,24.185940399533337,121.65722249879038,24,2024-07-23 15:25:46.221642+00:00,2024-07-23 18:00:00+00:00,21.429506011666668,2.5704939883333333,matched
2024201N12133-CE01-L048,2024201N12133-CE01,2024201N12133,landfall,2024-07-24 15:25:46.221642+00:00,24.185940399533337,121.65722249879038,48,2024-07-22 15:25:46.221642+00:00,2024-07-22 18:00:00+00:00,45.42950601166666,2.5704939883333333,matched
2024201N12133-CE01-L072,2024201N12133-CE01,2024201N12133,landfall,2024-07-24 15:25:46.221642+00:00,24.185940399533337,121.65722249879038,72,2024-07-21 15:25:46.221642+00:00,2024-07-21 18:00:00+00:00,69.42950601166666,2.5704939883333333,matched
2024201N12133-CE01-L096,2024201N12133-CE01,2024201N12133,landfall,2024-07-24 15:25:46.221642+00:00,24.185940399533337,121.65722249879038,96,2024-07-20 15:25:46.221642+00:00,2024-07-20 18:00:00+00:00,93.42950601166667,2.5704939883333333,matched
2024201N12133-CE01-L120,2024201N12133-CE01,2024201N12133,landfall,2024-07-24 15:25:46.221642+00:00,24.185940399533337,121.65722249879038,120,2024-07-19 15:25:46.221642+00:00,2024-07-19 18:00:00+00:00,117.42950601166667,2.5704939883333333,matched
2024213N14254-CE01-L024,2024213N14254-CE01,2024213N14254,coastal_approach,2024-08-02 12:51:25.714285+00:00,18.328764185853103,-114.77135805275634,24,2024-08-01 12:51:25.714285+00:00,2024-08-01 12:00:00+00:00,24.857142856944442,-0.8571428569444445,matched
2024213N14254-CE01-L048,2024213N14254-CE01,2024213N14254,coastal_approach,2024-08-02 12:51:25.714285+00:00,18.328764185853103,-114.77135805275634,48,2024-07-31 12:51:25.714285+00:00,2024-07-31 12:00:00+00:00,48.85714285694444,-0.8571428569444445,matched
2024213N14254-CE01-L072,2024213N14254-CE01,2024213N14254,coastal_approach,2024-08-02 12:51:25.714285+00:00,18.328764185853103,-114.77135805275634,72,2024-07-30 12:51:25.714285+00:00,2024-07-30 12:00:00+00:00,72.85714285694445,-0.8571428569444445,matched
2024213N14254-CE01-L096,2024213N14254-CE01,2024213N14254,coastal_approach,2024-08-02 12:51:25.714285+00:00,18.328764185853103,-114.77135805275634,96,2024-07-29 12:51:25.714285+00:00,2024-07-29 12:00:00+00:00,96.85714285694445,-0.8571428569444445,matched
2024213N14254-CE01-L120,2024213N14254-CE01,2024213N14254,coastal_approach,2024-08-02 12:51:25.714285+00:00,18.328764185853103,-114.77135805275634,120,2024-07-28 12:51:25.714285+00:00,2024-07-28 12:00:00+00:00,120.85714285694445,-0.8571428569444445,matched
2024216N20284-CE01-L024,2024216N20284-CE01,2024216N20284,landfall,2024-08-03 01:37:46.521027+00:00,21.06331809662977,-79.27988944193052,24,2024-08-02 01:37:46.521027+00:00,2024-08-02 00:00:00+00:00,25.629589174166664,-1.6295891741666666,matched
2024216N20284-CE01-L048,2024216N20284-CE01,2024216N20284,landfall,2024-08-03 01:37:46.521027+00:00,21.06331809662977,-79.27988944193052,48,2024-08-01 01:37:46.521027+00:00,2024-08-01 00:00:00+00:00,49.62958917416667,-1.6295891741666666,matched
2024216N20284-CE01-L072,2024216N20284-CE01,2024216N20284,landfall,2024-08-03 01:37:46.521027+00:00,21.06331809662977,-79.27988944193052,72,2024-07-31 01:37:46.521027+00:00,2024-07-31 00:00:00+00:00,73.62958917416667,-1.6295891741666666,matched
2024216N20284-CE01-L096,2024216N20284-CE01,2024216N20284,landfall,2024-08-03 01:37:46.521027+00:00,21.06331809662977,-79.27988944193052,96,2024-07-30 01:37:46.521027+00:00,2024-07-30 00:00:00+00:00,97.62958917416667,-1.6295891741666666,matched
2024216N20284-CE01-L120,2024216N20284-CE01,2024216N20284,landfall,2024-08-03 01:37:46.521027+00:00,21.06331809662977,-79.27988944193052,120,2024-07-29 01:37:46.521027+00:00,2024-07-29 00:00:00+00:00,121.62958917416667,-1.6295891741666666,matched
2024225N14313-CE01-L024,2024225N14313-CE01,2024225N14313,landfall,2024-08-13 09:39:46.555612+00:00,16.399440348986253,-61.3988790669577,24,2024-08-12 09:39:46.555612+00:00,2024-08-12 12:00:00+00:00,21.662932114444445,2.3370678855555553,matched
2024225N14313-CE01-L048,2024225N14313-CE01,2024225N14313,landfall,2024-08-13 09:39:46.555612+00:00,16.399440348986253,-61.3988790669577,48,2024-08-11 09:39:46.555612+00:00,2024-08-11 12:00:00+00:00,45.662932114444445,2.3370678855555553,matched
2024225N14313-CE01-L072,2024225N14313-CE01,2024225N14313,landfall,2024-08-13 09:39:46.555612+00:00,16.399440348986253,-61.3988790669577,72,2024-08-10 09:39:46.555612+00:00,2024-08-10 12:00:00+00:00,69.66293211444444,2.3370678855555553,matched
2024225N14313-CE01-L096,2024225N14313-CE01,2024225N14313,landfall,2024-08-13 09:39:46.555612+00:00,16.399440348986253,-61.3988790669577,96,2024-08-09 09:39:46.555612+00:00,2024-08-09 12:00:00+00:00,93.66293211444444,2.3370678855555553,matched
2024225N14313-CE01-L120,2024225N14313-CE01,2024225N14313,landfall,2024-08-13 09:39:46.555612+00:00,16.399440348986253,-61.3988790669577,120,2024-08-08 09:39:46.555612+00:00,2024-08-08 12:00:00+00:00,117.66293211444444,2.3370678855555553,matched
2024225N22135-CE01-L024,2024225N22135-CE01,2024225N22135,coastal_approach,2024-08-15 06:30:00+00:00,30.58334134366778,141.0834048464531,24,2024-08-14 06:30:00+00:00,2024-08-14 06:00:00+00:00,24.5,-0.5,matched
2024225N22135-CE01-L048,2024225N22135-CE01,2024225N22135,coastal_approach,2024-08-15 06:30:00+00:00,30.58334134366778,141.0834048464531,48,2024-08-13 06:30:00+00:00,2024-08-13 06:00:00+00:00,48.5,-0.5,matched
2024225N22135-CE01-L072,2024225N22135-CE01,2024225N22135,coastal_approach,2024-08-15 06:30:00+00:00,30.58334134366778,141.0834048464531,72,2024-08-12 06:30:00+00:00,2024-08-12 06:00:00+00:00,72.5,-0.5,matched
2024225N22135-CE01-L096,2024225N22135-CE01,2024225N22135,coastal_approach,2024-08-15 06:30:00+00:00,30.58334134366778,141.0834048464531,96,2024-08-11 06:30:00+00:00,2024-08-11 06:00:00+00:00,96.5,-0.5,matched
2024225N22135-CE01-L120,2024225N22135-CE01,2024225N22135,coastal_approach,2024-08-15 06:30:00+00:00,30.58334134366778,141.0834048464531,120,2024-08-10 06:30:00+00:00,2024-08-10 06:00:00+00:00,120.5,-0.5,matched
2024225N14313-CE02-L024,2024225N14313-CE02,2024225N14313,landfall,2024-08-17 08:10:54.441435+00:00,32.24910528391071,-64.82555396621986,24,2024-08-16 08:10:54.441435+00:00,2024-08-16 06:00:00+00:00,26.1817892875,-2.1817892875,matched
2024225N14313-CE02-L048,2024225N14313-CE02,2024225N14313,landfall,2024-08-17 08:10:54.441435+00:00,32.24910528391071,-64.82555396621986,48,2024-08-15 08:10:54.441435+00:00,2024-08-15 06:00:00+00:00,50.181789287499996,-2.1817892875,matched
2024225N14313-CE02-L072,2024225N14313-CE02,2024225N14313,landfall,2024-08-17 08:10:54.441435+00:00,32.24910528391071,-64.82555396621986,72,2024-08-14 08:10:54.441435+00:00,2024-08-14 06:00:00+00:00,74.1817892875,-2.1817892875,matched
2024225N14313-CE02-L096,2024225N14313-CE02,2024225N14313,landfall,2024-08-17 08:10:54.441435+00:00,32.24910528391071,-64.82555396621986,96,2024-08-13 08:10:54.441435+00:00,2024-08-13 06:00:00+00:00,98.1817892875,-2.1817892875,matched
2024225N14313-CE02-L120,2024225N14313-CE02,2024225N14313,landfall,2024-08-17 08:10:54.441435+00:00,32.24910528391071,-64.82555396621986,120,2024-08-12 08:10:54.441435+00:00,2024-08-12 06:00:00+00:00,122.1817892875,-2.1817892875,matched
2024225N14313-CE03-L024,2024225N14313-CE03,2024225N14313,coastal_approach,2024-08-20 04:20:00+00:00,46.10391161777617,-52.46319867098837,24,2024-08-19 04:20:00+00:00,2024-08-19 06:00:00+00:00,22.333333333333332,1.6666666666666667,matched
2024225N14313-CE03-L048,2024225N14313-CE03,2024225N14313,coastal_approach,2024-08-20 04:20:00+00:00,46.10391161777617,-52.46319867098837,48,2024-08-18 04:20:00+00:00,2024-08-18 06:00:00+00:00,46.333333333333336,1.6666666666666667,matched
2024225N14313-CE03-L072,2024225N14313-CE03,2024225N14313,coastal_approach,2024-08-20 04:20:00+00:00,46.10391161777617,-52.46319867098837,72,2024-08-17 04:20:00+00:00,2024-08-17 06:00:00+00:00,70.33333333333333,1.6666666666666667,matched
2024225N14313-CE03-L096,2024225N14313-CE03,2024225N14313,coastal_approach,2024-08-20 04:20:00+00:00,46.10391161777617,-52.46319867098837,96,2024-08-16 04:20:00+00:00,2024-08-16 06:00:00+00:00,94.33333333333333,1.6666666666666667,matched
2024225N14313-CE03-L120,2024225N14313-CE03,2024225N14313,coastal_approach,2024-08-20 04:20:00+00:00,46.10391161777617,-52.46319867098837,120,2024-08-15 04:20:00+00:00,2024-08-15 06:00:00+00:00,118.33333333333333,1.6666666666666667,matched
2024233N15148-CE02-L024,2024233N15148-CE02,2024233N15148,landfall,2024-08-28 23:25:37.489088+00:00,31.985416832708022,130.2,24,2024-08-27 23:25:37.489088+00:00,2024-08-28 00:00:00+00:00,23.427080302222222,0.5729196977777778,matched
2024233N15148-CE02-L048,2024233N15148-CE02,2024233N15148,landfall,2024-08-28 23:25:37.489088+00:00,31.985416832708022,130.2,48,2024-08-26 23:25:37.489088+00:00,2024-08-27 00:00:00+00:00,47.42708030222222,0.5729196977777778,matched
2024233N15148-CE02-L072,2024233N15148-CE02,2024233N15148,landfall,2024-08-28 23:25:37.489088+00:00,31.985416832708022,130.2,72,2024-08-25 23:25:37.489088+00:00,2024-08-26 00:00:00+00:00,71.42708030222222,0.5729196977777778,matched
2024233N15148-CE02-L096,2024233N15148-CE02,2024233N15148,landfall,2024-08-28 23:25:37.489088+00:00,31.985416832708022,130.2,96,2024-08-24 23:25:37.489088+00:00,2024-08-25 00:00:00+00:00,95.42708030222221,0.5729196977777778,matched
2024233N15148-CE02-L120,2024233N15148-CE02,2024233N15148,landfall,2024-08-28 23:25:37.489088+00:00,31.985416832708022,130.2,120,2024-08-23 23:25:37.489088+00:00,2024-08-24 00:00:00+00:00,119.42708030222221,0.5729196977777778,matched
2024244N09137-CE01-L024,2024244N09137-CE01,2024244N09137,landfall,2024-09-06 07:50:05.665233+00:00,19.822493899405316,110.99433057495082,24,2024-09-05 07:50:05.665233+00:00,2024-09-05 06:00:00+00:00,25.83490700916667,-1.8349070091666666,matched
2024244N09137-CE01-L048,2024244N09137-CE01,2024244N09137,landfall,2024-09-06 07:50:05.665233+00:00,19.822493899405316,110.99433057495082,48,2024-09-04 07:50:05.665233+00:00,2024-09-04 06:00:00+00:00,49.83490700916667,-1.8349070091666666,matched
2024244N09137-CE01-L072,2024244N09137-CE01,2024244N09137,landfall,2024-09-06 07:50:05.665233+00:00,19.822493899405316,110.99433057495082,72,2024-09-03 07:50:05.665233+00:00,2024-09-03 06:00:00+00:00,73.83490700916667,-1.8349070091666666,matched
2024244N09137-CE01-L096,2024244N09137-CE01,2024244N09137,landfall,2024-09-06 07:50:05.665233+00:00,19.822493899405316,110.99433057495082,96,2024-09-02 07:50:05.665233+00:00,2024-09-02 06:00:00+00:00,97.83490700916667,-1.8349070091666666,matched
2024244N09137-CE01-L120,2024244N09137-CE01,2024244N09137,landfall,2024-09-06 07:50:05.665233+00:00,19.822493899405316,110.99433057495082,120,2024-09-01 07:50:05.665233+00:00,2024-09-01 06:00:00+00:00,121.83490700916667,-1.8349070091666666,matched
2024253N21266-CE01-L024,2024253N21266-CE01,2024253N21266,landfall,2024-09-11 21:55:30.855134+00:00,29.28505806766297,-91.3149793844154,24,2024-09-10 21:55:30.855134+00:00,2024-09-11 00:00:00+00:00,21.925237537222223,2.0747624627777776,matched
2024253N21266-CE01-L048,2024253N21266-CE01,2024253N21266,landfall,2024-09-11 21:55:30.855134+00:00,29.28505806766297,-91.3149793844154,48,2024-09-09 21:55:30.855134+00:00,2024-09-10 00:00:00+00:00,45.92523753722222,2.0747624627777776,matched
2024253N21266-CE01-L072,2024253N21266-CE01,2024253N21266,landfall,2024-09-11 21:55:30.855134+00:00,29.28505806766297,-91.3149793844154,72,2024-09-08 21:55:30.855134+00:00,2024-09-09 00:00:00+00:00,69.92523753722223,2.0747624627777776,matched
2024253N21266-CE01-L096,2024253N21266-CE01,2024253N21266,landfall,2024-09-11 21:55:30.855134+00:00,29.28505806766297,-91.3149793844154,96,2024-09-07 21:55:30.855134+00:00,2024-09-08 00:00:00+00:00,93.92523753722223,2.0747624627777776,matched
2024253N21266-CE01-L120,2024253N21266-CE01,2024253N21266,landfall,2024-09-11 21:55:30.855134+00:00,29.28505806766297,-91.3149793844154,120,2024-09-06 21:55:30.855134+00:00,2024-09-07 00:00:00+00:00,117.92523753722223,2.0747624627777776,matched
2024253N11148-CE01-L024,2024253N11148-CE01,2024253N11148,coastal_approach,2024-09-14 11:30:00+00:00,28.05012727686916,129.28352551180123,24,2024-09-13 11:30:00+00:00,2024-09-13 12:00:00+00:00,23.5,0.5,matched
2024253N11148-CE01-L048,2024253N11148-CE01,2024253N11148,coastal_approach,2024-09-14 11:30:00+00:00,28.05012727686916,129.28352551180123,48,2024-09-12 11:30:00+00:00,2024-09-12 12:00:00+00:00,47.5,0.5,matched
2024253N11148-CE01-L072,2024253N11148-CE01,2024253N11148,coastal_approach,2024-09-14 11:30:00+00:00,28.05012727686916,129.28352551180123,72,2024-09-11 11:30:00+00:00,2024-09-11 12:00:00+00:00,71.5,0.5,matched
2024253N11148-CE01-L096,2024253N11148-CE01,2024253N11148,coastal_approach,2024-09-14 11:30:00+00:00,28.05012727686916,129.28352551180123,96,2024-09-10 11:30:00+00:00,2024-09-10 12:00:00+00:00,95.5,0.5,matched
2024253N11148-CE01-L120,2024253N11148-CE01,2024253N11148,coastal_approach,2024-09-14 11:30:00+00:00,28.05012727686916,129.28352551180123,120,2024-09-09 11:30:00+00:00,2024-09-09 12:00:00+00:00,119.5,0.5,matched
2024253N11148-CE02-L024,2024253N11148-CE02,2024253N11148,landfall,2024-09-15 21:04:45.484473+00:00,30.70533537825088,122.48153371690486,24,2024-09-14 21:04:45.484473+00:00,2024-09-15 00:00:00+00:00,21.0793012425,2.9206987575,matched
2024253N11148-CE02-L048,2024253N11148-CE02,2024253N11148,landfall,2024-09-15 21:04:45.484473+00:00,30.70533537825088,122.48153371690486,48,2024-09-13 21:04:45.484473+00:00,2024-09-14 00:00:00+00:00,45.079301242499994,2.9206987575,matched
2024253N11148-CE02-L072,2024253N11148-CE02,2024253N11148,landfall,2024-09-15 21:04:45.484473+00:00,30.70533537825088,122.48153371690486,72,2024-09-12 21:04:45.484473+00:00,2024-09-13 00:00:00+00:00,69.0793012425,2.9206987575,matched
2024253N11148-CE02-L096,2024253N11148-CE02,2024253N11148,landfall,2024-09-15 21:04:45.484473+00:00,30.70533537825088,122.48153371690486,96,2024-09-11 21:04:45.484473+00:00,2024-09-12 00:00:00+00:00,93.0793012425,2.9206987575,matched
2024253N11148-CE02-L120,2024253N11148-CE02,2024253N11148,landfall,2024-09-15 21:04:45.484473+00:00,30.70533537825088,122.48153371690486,120,2024-09-10 21:04:45.484473+00:00,2024-09-11 00:00:00+00:00,117.0793012425,2.9206987575,matched
2024267N14261-CE01-L024,2024267N14261-CE01,2024267N14261,landfall,2024-09-24 02:44:36.876334+00:00,16.54018644054579,-98.8742740854337,24,2024-09-23 02:44:36.876334+00:00,2024-09-23 00:00:00+00:00,26.743576759444444,-2.7435767594444447,matched
2024267N14261-CE01-L048,2024267N14261-CE01,2024267N14261,landfall,2024-09-24 02:44:36.876334+00:00,16.54018644054579,-98.8742740854337,48,2024-09-22 02:44:36.876334+00:00,2024-09-22 00:00:00+00:00,50.743576759444444,-2.7435767594444447,matched
2024267N14261-CE01-L072,2024267N14261-CE01,2024267N14261,landfall,2024-09-24 02:44:36.876334+00:00,16.54018644054579,-98.8742740854337,72,2024-09-21 02:44:36.876334+00:00,2024-09-21 00:00:00+00:00,74.74357675944444,-2.7435767594444447,matched
2024267N14261-CE01-L096,2024267N14261-CE01,2024267N14261,landfall,2024-09-24 02:44:36.876334+00:00,16.54018644054579,-98.8742740854337,96,2024-09-20 02:44:36.876334+00:00,2024-09-20 00:00:00+00:00,98.74357675944444,-2.7435767594444447,matched
2024267N14261-CE01-L120,2024267N14261-CE01,2024267N14261,landfall,2024-09-24 02:44:36.876334+00:00,16.54018644054579,-98.8742740854337,120,2024-09-19 02:44:36.876334+00:00,2024-09-19 00:00:00+00:00,122.74357675944444,-2.7435767594444447,matched
2024268N17278-CE01-L024,2024268N17278-CE01,2024268N17278,landfall,2024-09-27 03:03:30.868737+00:00,29.93514496257836,-83.7,24,2024-09-26 03:03:30.868737+00:00,2024-09-26 06:00:00+00:00,21.058574649166665,2.9414253508333332,matched
2024268N17278-CE01-L048,2024268N17278-CE01,2024268N17278,landfall,2024-09-27 03:03:30.868737+00:00,29.93514496257836,-83.7,48,2024-09-25 03:03:30.868737+00:00,2024-09-25 06:00:00+00:00,45.05857464916667,2.9414253508333332,matched
2024268N17278-CE01-L072,2024268N17278-CE01,2024268N17278,landfall,2024-09-27 03:03:30.868737+00:00,29.93514496257836,-83.7,72,2024-09-24 03:03:30.868737+00:00,2024-09-24 06:00:00+00:00,69.05857464916667,2.9414253508333332,matched
2024268N17278-CE01-L096,2024268N17278-CE01,2024268N17278,landfall,2024-09-27 03:03:30.868737+00:00,29.93514496257836,-83.7,96,2024-09-23 03:03:30.868737+00:00,2024-09-23 06:00:00+00:00,93.05857464916666,2.9414253508333332,matched
2024268N17278-CE01-L120,2024268N17278-CE01,2024268N17278,landfall,2024-09-27 03:03:30.868737+00:00,29.93514496257836,-83.7,120,2024-09-22 03:03:30.868737+00:00,2024-09-22 06:00:00+00:00,117.05857464916666,2.9414253508333332,matched
2024267N14261-CE02-L024,2024267N14261-CE02,2024267N14261,landfall,2024-09-27 15:45:59.376086+00:00,18.17665408305069,-103.07663915139818,24,2024-09-26 15:45:59.376086+00:00,2024-09-26 18:00:00+00:00,21.766493357222224,2.233506642777778,matched
2024267N14261-CE02-L048,2024267N14261-CE02,2024267N14261,landfall,2024-09-27 15:45:59.376086+00:00,18.17665408305069,-103.07663915139818,48,2024-09-25 15:45:59.376086+00:00,2024-09-25 18:00:00+00:00,45.766493357222224,2.233506642777778,matched
2024267N14261-CE02-L072,2024267N14261-CE02,2024267N14261,landfall,2024-09-27 15:45:59.376086+00:00,18.17665408305069,-103.07663915139818,72,2024-09-24 15:45:59.376086+00:00,2024-09-24 18:00:00+00:00,69.76649335722222,2.233506642777778,matched
2024267N14261-CE02-L096,2024267N14261-CE02,2024267N14261,landfall,2024-09-27 15:45:59.376086+00:00,18.17665408305069,-103.07663915139818,96,2024-09-23 15:45:59.376086+00:00,2024-09-23 18:00:00+00:00,93.76649335722222,2.233506642777778,matched
2024267N14261-CE02-L120,2024267N14261-CE02,2024267N14261,landfall,2024-09-27 15:45:59.376086+00:00,18.17665408305069,-103.07663915139818,120,2024-09-22 15:45:59.376086+00:00,2024-09-22 18:00:00+00:00,117.76649335722222,2.233506642777778,matched
2024270N24128-CE01-L024,2024270N24128-CE01,2024270N24128,landfall,2024-10-03 04:49:10.287963+00:00,22.560680643787684,120.32126722992696,24,2024-10-02 04:49:10.287963+00:00,2024-10-02 06:00:00+00:00,22.819524434166667,1.1804755658333335,matched
2024270N24128-CE01-L048,2024270N24128-CE01,2024270N24128,landfall,2024-10-03 04:49:10.287963+00:00,22.560680643787684,120.32126722992696,48,2024-10-01 04:49:10.287963+00:00,2024-10-01 06:00:00+00:00,46.81952443416667,1.1804755658333335,matched
2024270N24128-CE01-L072,2024270N24128-CE01,2024270N24128,landfall,2024-10-03 04:49:10.287963+00:00,22.560680643787684,120.32126722992696,72,2024-09-30 04:49:10.287963+00:00,2024-09-30 06:00:00+00:00,70.81952443416667,1.1804755658333335,matched
2024270N24128-CE01-L096,2024270N24128-CE01,2024270N24128,landfall,2024-10-03 04:49:10.287963+00:00,22.560680643787684,120.32126722992696,96,2024-09-29 04:49:10.287963+00:00,2024-09-29 06:00:00+00:00,94.81952443416667,1.1804755658333335,matched
2024270N24128-CE01-L120,2024270N24128-CE01,2024270N24128,landfall,2024-10-03 04:49:10.287963+00:00,22.560680643787684,120.32126722992696,120,2024-09-28 04:49:10.287963+00:00,2024-09-28 06:00:00+00:00,118.81952443416667,1.1804755658333335,matched
2024279N21265-CE01-L024,2024279N21265-CE01,2024279N21265,coastal_approach,2024-10-08 07:00:00+00:00,22.0001096942246,-89.36685393113919,24,2024-10-07 07:00:00+00:00,2024-10-07 06:00:00+00:00,25.0,-1.0,matched
2024279N21265-CE01-L048,2024279N21265-CE01,2024279N21265,coastal_approach,2024-10-08 07:00:00+00:00,22.0001096942246,-89.36685393113919,48,2024-10-06 07:00:00+00:00,2024-10-06 06:00:00+00:00,49.0,-1.0,matched
2024279N21265-CE01-L072,2024279N21265-CE01,2024279N21265,coastal_approach,2024-10-08 07:00:00+00:00,22.0001096942246,-89.36685393113919,72,2024-10-05 07:00:00+00:00,2024-10-05 06:00:00+00:00,73.0,-1.0,matched
2024279N21265-CE01-L096,2024279N21265-CE01,2024279N21265,coastal_approach,2024-10-08 07:00:00+00:00,22.0001096942246,-89.36685393113919,96,2024-10-04 07:00:00+00:00,2024-10-04 06:00:00+00:00,97.0,-1.0,matched
2024279N21265-CE01-L120,2024279N21265-CE01,2024279N21265,coastal_approach,2024-10-08 07:00:00+00:00,22.0001096942246,-89.36685393113919,120,2024-10-03 07:00:00+00:00,2024-10-03 06:00:00+00:00,121.0,-1.0,matched
2024279N21265-CE02-L024,2024279N21265-CE02,2024279N21265,landfall,2024-10-10 00:21:19.171309+00:00,27.371072584593083,-82.62895339916413,24,2024-10-09 00:21:19.171309+00:00,2024-10-09 00:00:00+00:00,24.35532536361111,-0.3553253636111111,matched
2024279N21265-CE02-L048,2024279N21265-CE02,2024279N21265,landfall,2024-10-10 00:21:19.171309+00:00,27.371072584593083,-82.62895339916413,48,2024-10-08 00:21:19.171309+00:00,2024-10-08 00:00:00+00:00,48.35532536361111,-0.3553253636111111,matched
2024279N21265-CE02-L072,2024279N21265-CE02,2024279N21265,landfall,2024-10-10 00:21:19.171309+00:00,27.371072584593083,-82.62895339916413,72,2024-10-07 00:21:19.171309+00:00,2024-10-07 00:00:00+00:00,72.35532536361112,-0.3553253636111111,matched
2024279N21265-CE02-L096,2024279N21265-CE02,2024279N21265,landfall,2024-10-10 00:21:19.171309+00:00,27.371072584593083,-82.62895339916413,96,2024-10-06 00:21:19.171309+00:00,2024-10-06 00:00:00+00:00,96.35532536361112,-0.3553253636111111,matched
2024279N21265-CE02-L120,2024279N21265-CE02,2024279N21265,landfall,2024-10-10 00:21:19.171309+00:00,27.371072584593083,-82.62895339916413,120,2024-10-05 00:21:19.171309+00:00,2024-10-05 00:00:00+00:00,120.35532536361112,-0.3553253636111111,matched
2024279N21265-CE03-L024,2024279N21265-CE03,2024279N21265,landfall,2024-10-10 07:55:55.158869+00:00,28.422684073781724,-80.72137083363089,24,2024-10-09 07:55:55.158869+00:00,2024-10-09 06:00:00+00:00,25.931988574722222,-1.9319885747222223,matched
2024279N21265-CE03-L048,2024279N21265-CE03,2024279N21265,landfall,2024-10-10 07:55:55.158869+00:00,28.422684073781724,-80.72137083363089,48,2024-10-08 07:55:55.158869+00:00,2024-10-08 06:00:00+00:00,49.931988574722226,-1.9319885747222223,matched
2024279N21265-CE03-L072,2024279N21265-CE03,2024279N21265,landfall,2024-10-10 07:55:55.158869+00:00,28.422684073781724,-80.72137083363089,72,2024-10-07 07:55:55.158869+00:00,2024-10-07 06:00:00+00:00,73.93198857472221,-1.9319885747222223,matched
2024279N21265-CE03-L096,2024279N21265-CE03,2024279N21265,landfall,2024-10-10 07:55:55.158869+00:00,28.422684073781724,-80.72137083363089,96,2024-10-06 07:55:55.158869+00:00,2024-10-06 06:00:00+00:00,97.93198857472221,-1.9319885747222223,matched
2024279N21265-CE03-L120,2024279N21265-CE03,2024279N21265,landfall,2024-10-10 07:55:55.158869+00:00,28.422684073781724,-80.72137083363089,120,2024-10-05 07:55:55.158869+00:00,2024-10-05 06:00:00+00:00,121.93198857472221,-1.9319885747222223,matched
2024293N21294-CE01-L024,2024293N21294-CE01,2024293N21294,landfall,2024-10-19 20:28:56.064764+00:00,21.50000639838602,-71.13096536108239,24,2024-10-18 20:28:56.064764+00:00,2024-10-18 18:00:00+00:00,26.48224021222222,-2.4822402122222225,matched
2024293N21294-CE01-L048,2024293N21294-CE01,2024293N21294,landfall,2024-10-19 20:28:56.064764+00:00,21.50000639838602,-71.13096536108239,48,2024-10-17 20:28:56.064764+00:00,2024-10-17 18:00:00+00:00,50.48224021222222,-2.4822402122222225,matched
2024293N21294-CE01-L072,2024293N21294-CE01,2024293N21294,landfall,2024-10-19 20:28:56.064764+00:00,21.50000639838602,-71.13096536108239,72,2024-10-16 20:28:56.064764+00:00,2024-10-16 18:00:00+00:00,74.48224021222222,-2.4822402122222225,matched
2024293N21294-CE01-L096,2024293N21294-CE01,2024293N21294,landfall,2024-10-19 20:28:56.064764+00:00,21.50000639838602,-71.13096536108239,96,2024-10-15 20:28:56.064764+00:00,2024-10-15 18:00:00+00:00,98.48224021222222,-2.4822402122222225,matched
2024293N21294-CE01-L120,2024293N21294-CE01,2024293N21294,landfall,2024-10-19 20:28:56.064764+00:00,21.50000639838602,-71.13096536108239,120,2024-10-14 20:28:56.064764+00:00,2024-10-14 18:00:00+00:00,122.48224021222222,-2.4822402122222225,matched
2024295N15092-CE01-L024,2024295N15092-CE01,2024295N15092,landfall,2024-10-24 20:45:00.360687+00:00,20.68334240103659,87.00833997167798,24,2024-10-23 20:45:00.360687+00:00,2024-10-23 18:00:00+00:00,26.750100190833333,-2.7501001908333333,matched
2024295N15092-CE01-L048,2024295N15092-CE01,2024295N15092,landfall,2024-10-24 20:45:00.360687+00:00,20.68334240103659,87.00833997167798,48,2024-10-22 20:45:00.360687+00:00,2024-10-22 18:00:00+00:00,50.75010019083334,-2.7501001908333333,matched
2024295N15092-CE01-L072,2024295N15092-CE01,2024295N15092,landfall,2024-10-24 20:45:00.360687+00:00,20.68334240103659,87.00833997167798,72,2024-10-21 20:45:00.360687+00:00,2024-10-21 18:00:00+00:00,74.75010019083332,-2.7501001908333333,matched
2024295N15092-CE01-L096,2024295N15092-CE01,2024295N15092,landfall,2024-10-24 20:45:00.360687+00:00,20.68334240103659,87.00833997167798,96,2024-10-20 20:45:00.360687+00:00,2024-10-20 18:00:00+00:00,98.75010019083332,-2.7501001908333333,matched
2024295N15092-CE01-L120,2024295N15092-CE01,2024295N15092,landfall,2024-10-24 20:45:00.360687+00:00,20.68334240103659,87.00833997167798,120,2024-10-19 20:45:00.360687+00:00,2024-10-19 18:00:00+00:00,122.75010019083332,-2.7501001908333333,matched
2024293N13141-CE01-L024,2024293N13141-CE01,2024293N13141,landfall,2024-10-27 03:12:42.235807+00:00,16.271794196806177,108.07171628546972,24,2024-10-26 03:12:42.235807+00:00,2024-10-26 06:00:00+00:00,21.211732168611114,2.788267831388889,matched
2024293N13141-CE01-L048,2024293N13141-CE01,2024293N13141,landfall,2024-10-27 03:12:42.235807+00:00,16.271794196806177,108.07171628546972,48,2024-10-25 03:12:42.235807+00:00,2024-10-25 06:00:00+00:00,45.21173216861111,2.788267831388889,matched
2024293N13141-CE01-L072,2024293N13141-CE01,2024293N13141,landfall,2024-10-27 03:12:42.235807+00:00,16.271794196806177,108.07171628546972,72,2024-10-24 03:12:42.235807+00:00,2024-10-24 06:00:00+00:00,69.2117321686111,2.788267831388889,matched
2024293N13141-CE01-L096,2024293N13141-CE01,2024293N13141,landfall,2024-10-27 03:12:42.235807+00:00,16.271794196806177,108.07171628546972,96,2024-10-23 03:12:42.235807+00:00,2024-10-23 06:00:00+00:00,93.21173216861112,2.788267831388889,matched
2024293N13141-CE01-L120,2024293N13141-CE01,2024293N13141,landfall,2024-10-27 03:12:42.235807+00:00,16.271794196806177,108.07171628546972,120,2024-10-22 03:12:42.235807+00:00,2024-10-22 06:00:00+00:00,117.21173216861112,2.788267831388889,matched
2024298N13150-CE01-L024,2024298N13150-CE01,2024298N13150,landfall,2024-10-31 05:44:07.442363+00:00,23.038303145799837,121.33544474819568,24,2024-10-30 05:44:07.442363+00:00,2024-10-30 06:00:00+00:00,23.735400656388887,0.2645993436111111,matched
2024298N13150-CE01-L048,2024298N13150-CE01,2024298N13150,landfall,2024-10-31 05:44:07.442363+00:00,23.038303145799837,121.33544474819568,48,2024-10-29 05:44:07.442363+00:00,2024-10-29 06:00:00+00:00,47.73540065638889,0.2645993436111111,matched
2024298N13150-CE01-L072,2024298N13150-CE01,2024298N13150,landfall,2024-10-31 05:44:07.442363+00:00,23.038303145799837,121.33544474819568,72,2024-10-28 05:44:07.442363+00:00,2024-10-28 06:00:00+00:00,71.73540065638889,0.2645993436111111,matched
2024298N13150-CE01-L096,2024298N13150-CE01,2024298N13150,landfall,2024-10-31 05:44:07.442363+00:00,23.038303145799837,121.33544474819568,96,2024-10-27 05:44:07.442363+00:00,2024-10-27 06:00:00+00:00,95.73540065638889,0.2645993436111111,matched
2024298N13150-CE01-L120,2024298N13150-CE01,2024298N13150,landfall,2024-10-31 05:44:07.442363+00:00,23.038303145799837,121.33544474819568,120,2024-10-26 05:44:07.442363+00:00,2024-10-26 06:00:00+00:00,119.73540065638889,0.2645993436111111,matched
2024309N13283-CE01-L024,2024309N13283-CE01,2024309N13283,landfall,2024-11-06 15:39:35.337166+00:00,21.610054577846817,-81.98773857319784,24,2024-11-05 15:39:35.337166+00:00,2024-11-05 18:00:00+00:00,21.659815879444444,2.3401841205555556,matched
2024309N13283-CE01-L048,2024309N13283-CE01,2024309N13283,landfall,2024-11-06 15:39:35.337166+00:00,21.610054577846817,-81.98773857319784,48,2024-11-04 15:39:35.337166+00:00,2024-11-04 18:00:00+00:00,45.659815879444444,2.3401841205555556,matched
2024309N13283-CE01-L072,2024309N13283-CE01,2024309N13283,landfall,2024-11-06 15:39:35.337166+00:00,21.610054577846817,-81.98773857319784,72,2024-11-03 15:39:35.337166+00:00,2024-11-03 18:00:00+00:00,69.65981587944445,2.3401841205555556,matched
2024309N13283-CE01-L096,2024309N13283-CE01,2024309N13283,landfall,2024-11-06 15:39:35.337166+00:00,21.610054577846817,-81.98773857319784,96,2024-11-02 15:39:35.337166+00:00,2024-11-02 18:00:00+00:00,93.65981587944444,2.3401841205555556,matched
2024309N13283-CE01-L120,2024309N13283-CE01,2024309N13283,landfall,2024-11-06 15:39:35.337166+00:00,21.610054577846817,-81.98773857319784,120,2024-11-01 15:39:35.337166+00:00,2024-11-01 18:00:00+00:00,117.65981587944444,2.3401841205555556,matched
2024307N06143-CE01-L024,2024307N06143-CE01,2024307N06143,landfall,2024-11-07 07:51:13.944792+00:00,18.561895960065137,122.15287183113796,24,2024-11-06 07:51:13.944792+00:00,2024-11-06 06:00:00+00:00,25.853873553333333,-1.8538735533333335,matched
2024307N06143-CE01-L048,2024307N06143-CE01,2024307N06143,landfall,2024-11-07 07:51:13.944792+00:00,18.561895960065137,122.15287183113796,48,2024-11-05 07:51:13.944792+00:00,2024-11-05 06:00:00+00:00,49.85387355333333,-1.8538735533333335,matched
2024307N06143-CE01-L072,2024307N06143-CE01,2024307N06143,landfall,2024-11-07 07:51:13.944792+00:00,18.561895960065137,122.15287183113796,72,2024-11-04 07:51:13.944792+00:00,2024-11-04 06:00:00+00:00,73.85387355333333,-1.8538735533333335,matched
2024307N06143-CE01-L096,2024307N06143-CE01,2024307N06143,landfall,2024-11-07 07:51:13.944792+00:00,18.561895960065137,122.15287183113796,96,2024-11-03 07:51:13.944792+00:00,2024-11-03 06:00:00+00:00,97.85387355333333,-1.8538735533333335,matched
2024307N06143-CE01-L120,2024307N06143-CE01,2024307N06143,landfall,2024-11-07 07:51:13.944792+00:00,18.561895960065137,122.15287183113796,120,2024-11-02 07:51:13.944792+00:00,2024-11-02 06:00:00+00:00,121.85387355333333,-1.8538735533333335,matched
2024312N14145-CE01-L024,2024312N14145-CE01,2024312N14145,landfall,2024-11-11 00:28:17.763435+00:00,16.347274116221865,122.20580171746576,24,2024-11-10 00:28:17.763435+00:00,2024-11-10 00:00:00+00:00,24.471600954166668,-0.4716009541666667,matched
2024312N14145-CE01-L048,2024312N14145-CE01,2024312N14145,landfall,2024-11-11 00:28:17.763435+00:00,16.347274116221865,122.20580171746576,48,2024-11-09 00:28:17.763435+00:00,2024-11-09 00:00:00+00:00,48.47160095416667,-0.4716009541666667,matched
2024312N14145-CE01-L072,2024312N14145-CE01,2024312N14145,landfall,2024-11-11 00:28:17.763435+00:00,16.347274116221865,122.20580171746576,72,2024-11-08 00:28:17.763435+00:00,2024-11-08 00:00:00+00:00,72.47160095416666,-0.4716009541666667,matched
2024312N14145-CE01-L096,2024312N14145-CE01,2024312N14145,landfall,2024-11-11 00:28:17.763435+00:00,16.347274116221865,122.20580171746576,96,2024-11-07 00:28:17.763435+00:00,2024-11-07 00:00:00+00:00,96.47160095416666,-0.4716009541666667,matched
2024312N14145-CE01-L120,2024312N14145-CE01,2024312N14145,landfall,2024-11-11 00:28:17.763435+00:00,16.347274116221865,122.20580171746576,120,2024-11-06 00:28:17.763435+00:00,2024-11-06 00:00:00+00:00,120.47160095416666,-0.4716009541666667,matched
2024314N07151-CE01-L024,2024314N07151-CE01,2024314N07151,landfall,2024-11-14 05:36:17.191476+00:00,17.847377296224334,122.16599781268452,24,2024-11-13 05:36:17.191476+00:00,2024-11-13 06:00:00+00:00,23.604775410000002,0.39522459,matched
2024314N07151-CE01-L048,2024314N07151-CE01,2024314N07151,landfall,2024-11-14 05:36:17.191476+00:00,17.847377296224334,122.16599781268452,48,2024-11-12 05:36:17.191476+00:00,2024-11-12 06:00:00+00:00,47.60477541,0.39522459,matched
2024314N07151-CE01-L072,2024314N07151-CE01,2024314N07151,landfall,2024-11-14 05:36:17.191476+00:00,17.847377296224334,122.16599781268452,72,2024-11-11 05:36:17.191476+00:00,2024-11-11 06:00:00+00:00,71.60477541,0.39522459,matched
2024314N07151-CE01-L096,2024314N07151-CE01,2024314N07151,landfall,2024-11-14 05:36:17.191476+00:00,17.847377296224334,122.16599781268452,96,2024-11-10 05:36:17.191476+00:00,2024-11-10 06:00:00+00:00,95.60477541,0.39522459,matched
2024314N07151-CE01-L120,2024314N07151-CE01,2024314N07151,landfall,2024-11-14 05:36:17.191476+00:00,17.847377296224334,122.16599781268452,120,2024-11-09 05:36:17.191476+00:00,2024-11-09 06:00:00+00:00,119.60477541,0.39522459,matched
2024313N10169-CE01-L024,2024313N10169-CE01,2024313N10169,landfall,2024-11-16 14:54:15.251420+00:00,14.0936260369416,124.2127791782027,24,2024-11-15 14:54:15.251420+00:00,2024-11-15 12:00:00+00:00,26.904236505555556,-2.9042365055555557,matched
2024313N10169-CE01-L048,2024313N10169-CE01,2024313N10169,landfall,2024-11-16 14:54:15.251420+00:00,14.0936260369416,124.2127791782027,48,2024-11-14 14:54:15.251420+00:00,2024-11-14 12:00:00+00:00,50.90423650555555,-2.9042365055555557,matched
2024313N10169-CE01-L072,2024313N10169-CE01,2024313N10169,landfall,2024-11-16 14:54:15.251420+00:00,14.0936260369416,124.2127791782027,72,2024-11-13 14:54:15.251420+00:00,2024-11-13 12:00:00+00:00,74.90423650555555,-2.9042365055555557,matched
2024313N10169-CE01-L096,2024313N10169-CE01,2024313N10169,landfall,2024-11-16 14:54:15.251420+00:00,14.0936260369416,124.2127791782027,96,2024-11-12 14:54:15.251420+00:00,2024-11-12 12:00:00+00:00,98.90423650555555,-2.9042365055555557,matched
2024313N10169-CE01-L120,2024313N10169-CE01,2024313N10169,landfall,2024-11-16 14:54:15.251420+00:00,14.0936260369416,124.2127791782027,120,2024-11-11 14:54:15.251420+00:00,2024-11-11 12:00:00+00:00,122.90423650555555,-2.9042365055555557,matched
2024313N10169-CE02-L024,2024313N10169-CE02,2024313N10169,coastal_approach,2024-11-17 13:48:00+00:00,16.860290332425862,120.28052861904608,24,2024-11-16 13:48:00+00:00,2024-11-16 12:00:00+00:00,25.8,-1.8,matched
2024313N10169-CE02-L048,2024313N10169-CE02,2024313N10169,coastal_approach,2024-11-17 13:48:00+00:00,16.860290332425862,120.28052861904608,48,2024-11-15 13:48:00+00:00,2024-11-15 12:00:00+00:00,49.8,-1.8,matched
2024313N10169-CE02-L072,2024313N10169-CE02,2024313N10169,coastal_approach,2024-11-17 13:48:00+00:00,16.860290332425862,120.28052861904608,72,2024-11-14 13:48:00+00:00,2024-11-14 12:00:00+00:00,73.8,-1.8,matched
2024313N10169-CE02-L096,2024313N10169-CE02,2024313N10169,coastal_approach,2024-11-17 13:48:00+00:00,16.860290332425862,120.28052861904608,96,2024-11-13 13:48:00+00:00,2024-11-13 12:00:00+00:00,97.8,-1.8,matched
2024313N10169-CE02-L120,2024313N10169-CE02,2024313N10169,coastal_approach,2024-11-17 13:48:00+00:00,16.860290332425862,120.28052861904608,120,2024-11-12 13:48:00+00:00,2024-11-12 12:00:00+00:00,121.8,-1.8,matched
